Ausgabe,Datum,Locales?,Neues aus KÃ¶ln?,Wochentag
1908_1_1_397784.txt,1908-01-01,1,0,2
1908_1_2_397785.txt,1908-01-02,2,0,3
1908_1_3_397786.txt,1908-01-03,1,0,4
1908_1_4_397787.txt,1908-01-04,2,0,5
1908_1_7_397790.txt,1908-01-07,0,0,1
1908_1_8_397791.txt,1908-01-08,0,0,2
1908_1_9_397792.txt,1908-01-09,0,0,3
1908_1_10_397793.txt,1908-01-10,0,0,4
1908_1_11_397794.txt,1908-01-11,0,0,5
1908_1_13_397797.txt,1908-01-13,0,0,0
1908_1_14_397798.txt,1908-01-14,0,0,1
1908_1_15_397799.txt,1908-01-15,0,0,2
1908_1_16_397800.txt,1908-01-16,0,0,3
1908_1_17_397801.txt,1908-01-17,0,0,4
1908_1_18_397802.txt,1908-01-18,0,0,5
1908_1_20_397805.txt,1908-01-20,0,0,0
1908_1_21_397806.txt,1908-01-21,0,0,1
1908_1_22_397807.txt,1908-01-22,0,0,2
1908_1_23_397809.txt,1908-01-23,0,0,3
1908_1_24_397810.txt,1908-01-24,0,0,4
1908_1_25_397811.txt,1908-01-25,0,0,5
1908_1_27_397814.txt,1908-01-27,0,0,0
1908_1_28_397815.txt,1908-01-28,0,0,1
1908_1_29_397816.txt,1908-01-29,0,0,2
1908_1_30_397817.txt,1908-01-30,0,0,3
1908_1_31_397818.txt,1908-01-31,0,0,4
1908_2_1_397819.txt,1908-02-01,0,0,5
1908_2_3_397822.txt,1908-02-03,0,0,0
1908_2_4_397823.txt,1908-02-04,0,0,1
1908_2_5_397824.txt,1908-02-05,0,0,2
1908_2_6_397825.txt,1908-02-06,0,0,3
1908_2_7_397826.txt,1908-02-07,0,0,4
1908_2_8_397827.txt,1908-02-08,0,0,5
1908_2_10_397830.txt,1908-02-10,0,0,0
1908_2_11_397831.txt,1908-02-11,0,0,1
1908_2_12_397832.txt,1908-02-12,0,0,2
1908_2_13_397833.txt,1908-02-13,0,0,3
1908_2_14_397834.txt,1908-02-14,0,0,4
1908_2_15_397835.txt,1908-02-15,0,0,5
1908_2_17_397838.txt,1908-02-17,0,0,0
1908_2_18_397839.txt,1908-02-18,0,0,1
1908_2_19_397840.txt,1908-02-19,0,0,2
1908_2_20_397841.txt,1908-02-20,0,0,3
1908_2_21_397842.txt,1908-02-21,0,0,4
1908_2_22_397843.txt,1908-02-22,0,0,5
1908_2_24_397846.txt,1908-02-24,0,0,0
1908_2_25_397847.txt,1908-02-25,0,0,1
1908_2_26_397848.txt,1908-02-26,0,0,2
1908_2_27_397849.txt,1908-02-27,0,0,3
1908_2_28_397850.txt,1908-02-28,0,0,4
1908_2_29_397851.txt,1908-02-29,0,0,5
1908_3_4_397854.txt,1908-03-04,0,0,2
1908_3_5_397855.txt,1908-03-05,0,0,3
1908_3_6_397856.txt,1908-03-06,0,0,4
1908_3_7_397857.txt,1908-03-07,0,0,5
1908_3_9_397860.txt,1908-03-09,0,0,0
1908_3_10_397861.txt,1908-03-10,0,0,1
1908_3_11_397862.txt,1908-03-11,0,0,2
1908_3_12_397863.txt,1908-03-12,0,0,3
1908_3_13_397864.txt,1908-03-13,0,0,4
1908_3_14_397865.txt,1908-03-14,0,0,5
1908_3_16_397868.txt,1908-03-16,0,0,0
1908_3_17_397869.txt,1908-03-17,0,0,1
1908_3_18_397870.txt,1908-03-18,0,0,2
1908_3_19_397871.txt,1908-03-19,0,0,3
1908_3_20_397872.txt,1908-03-20,0,0,4
1908_3_21_397873.txt,1908-03-21,0,0,5
1908_3_23_397876.txt,1908-03-23,0,0,0
1908_3_24_397877.txt,1908-03-24,0,0,1
1908_3_25_397878.txt,1908-03-25,0,0,2
1908_3_26_397879.txt,1908-03-26,0,0,3
1908_3_27_397880.txt,1908-03-27,0,0,4
1908_3_28_397881.txt,1908-03-28,0,0,5
1908_3_30_397884.txt,1908-03-30,0,0,0
1908_3_31_397885.txt,1908-03-31,0,0,1
1908_4_1_397887.txt,1908-04-01,0,0,2
1908_4_2_397888.txt,1908-04-02,0,0,3
1908_4_3_397889.txt,1908-04-03,0,0,4
1908_4_4_397890.txt,1908-04-04,0,0,5
1908_4_6_397893.txt,1908-04-06,0,0,0
1908_4_7_397894.txt,1908-04-07,0,0,1
1908_4_8_397895.txt,1908-04-08,0,0,2
1908_4_9_397896.txt,1908-04-09,0,0,3
1908_4_10_397897.txt,1908-04-10,0,0,4
1908_4_11_397898.txt,1908-04-11,0,0,5
1908_4_13_397901.txt,1908-04-13,0,0,0
1908_4_14_397902.txt,1908-04-14,0,0,1
1908_4_15_397903.txt,1908-04-15,0,0,2
1908_4_16_397904.txt,1908-04-16,0,0,3
1908_4_17_397905.txt,1908-04-17,0,0,4
1908_4_18_397906.txt,1908-04-18,0,0,5
1908_4_21_397909.txt,1908-04-21,0,0,1
1908_4_22_397910.txt,1908-04-22,0,0,2
1908_4_23_397911.txt,1908-04-23,0,0,3
1908_4_24_397912.txt,1908-04-24,0,0,4
1908_4_25_397913.txt,1908-04-25,0,0,5
1908_4_27_397916.txt,1908-04-27,0,0,0
1908_4_28_397917.txt,1908-04-28,0,0,1
1908_4_29_397918.txt,1908-04-29,0,0,2
1908_4_30_397919.txt,1908-04-30,0,0,3
1908_5_1_397920.txt,1908-05-01,0,0,4
1908_5_2_397921.txt,1908-05-02,0,0,5
1908_5_4_397924.txt,1908-05-04,0,0,0
1908_5_5_397925.txt,1908-05-05,0,0,1
1908_5_6_397926.txt,1908-05-06,0,0,2
1908_5_7_397927.txt,1908-05-07,0,0,3
1908_5_8_397928.txt,1908-05-08,0,0,4
1908_5_9_397929.txt,1908-05-09,0,0,5
1908_5_11_397932.txt,1908-05-11,0,0,0
1908_5_12_397933.txt,1908-05-12,0,0,1
1908_5_13_397934.txt,1908-05-13,0,0,2
1908_5_14_397935.txt,1908-05-14,0,0,3
1908_5_15_397936.txt,1908-05-15,0,0,4
1908_5_16_397937.txt,1908-05-16,0,0,5
1908_5_20_397944.txt,1908-05-20,0,0,2
1908_5_21_397945.txt,1908-05-21,0,0,3
1908_5_22_397946.txt,1908-05-22,0,0,4
1908_5_23_397947.txt,1908-05-23,0,0,5
1908_5_25_397950.txt,1908-05-25,0,0,0
1908_5_26_397951.txt,1908-05-26,0,0,1
1908_5_27_397952.txt,1908-05-27,0,0,2
1908_5_28_397953.txt,1908-05-28,0,0,3
1908_5_29_397954.txt,1908-05-29,0,0,4
1908_5_30_397955.txt,1908-05-30,0,0,5
1908_6_1_397958.txt,1908-06-01,0,0,0
1908_6_2_397959.txt,1908-06-02,0,0,1
1908_6_3_397960.txt,1908-06-03,0,0,2
1908_6_4_397961.txt,1908-06-04,0,0,3
1908_6_5_397962.txt,1908-06-05,0,0,4
1908_6_6_397963.txt,1908-06-06,0,0,5
1908_6_9_397966.txt,1908-06-09,0,0,1
1908_6_10_397967.txt,1908-06-10,0,0,2
1908_6_11_397968.txt,1908-06-11,0,0,3
1908_6_12_397969.txt,1908-06-12,0,0,4
1908_6_13_397970.txt,1908-06-13,0,0,5
1908_6_15_398030.txt,1908-06-15,0,0,0
1908_6_16_398031.txt,1908-06-16,0,0,1
1908_6_17_398032.txt,1908-06-17,0,0,2
1908_6_18_398033.txt,1908-06-18,0,0,3
1908_6_19_398034.txt,1908-06-19,0,0,4
1908_6_20_398035.txt,1908-06-20,0,0,5
1908_6_22_398038.txt,1908-06-22,0,0,0
1908_6_23_398039.txt,1908-06-23,0,0,1
1908_6_24_398040.txt,1908-06-24,0,0,2
1908_6_25_398041.txt,1908-06-25,0,0,3
1908_6_26_398042.txt,1908-06-26,0,0,4
1908_6_27_398043.txt,1908-06-27,0,0,5
1908_6_30_398046.txt,1908-06-30,0,0,1
1908_7_1_398047.txt,1908-07-01,0,0,2
1908_7_2_398048.txt,1908-07-02,0,0,3
1908_7_3_398049.txt,1908-07-03,0,0,4
1908_7_4_398050.txt,1908-07-04,0,0,5
1908_7_6_398053.txt,1908-07-06,0,0,0
1908_7_7_398054.txt,1908-07-07,0,0,1
1908_7_8_398055.txt,1908-07-08,0,0,2
1908_7_9_398056.txt,1908-07-09,0,0,3
1908_7_10_398057.txt,1908-07-10,0,0,4
1908_7_11_398058.txt,1908-07-11,0,0,5
1908_7_13_398061.txt,1908-07-13,0,0,0
1908_7_14_398062.txt,1908-07-14,0,0,1
1908_7_15_398063.txt,1908-07-15,0,0,2
1908_7_16_398064.txt,1908-07-16,0,0,3
1908_7_17_398065.txt,1908-07-17,0,0,4
1908_7_18_398066.txt,1908-07-18,0,0,5
1908_7_21_398070.txt,1908-07-21,0,0,1
1908_7_25_398074.txt,1908-07-25,0,0,5
1908_7_27_398077.txt,1908-07-27,0,0,0
1908_7_28_398078.txt,1908-07-28,0,0,1
1908_7_29_398079.txt,1908-07-29,0,0,2
1908_8_3_398085.txt,1908-08-03,0,0,0
1908_8_4_398086.txt,1908-08-04,0,0,1
1908_8_5_398087.txt,1908-08-05,0,0,2
1908_8_7_398089.txt,1908-08-07,0,0,4
1908_8_10_398093.txt,1908-08-10,0,0,0
1908_8_13_398096.txt,1908-08-13,0,0,3
1908_8_14_398097.txt,1908-08-14,0,0,4
1908_8_20_398104.txt,1908-08-20,0,0,3
1908_8_21_398105.txt,1908-08-21,0,0,4
1908_8_25_398110.txt,1908-08-25,0,0,1
1908_8_27_398112.txt,1908-08-27,0,0,3
1908_8_28_398113.txt,1908-08-28,0,0,4
1908_9_1_398118.txt,1908-09-01,0,0,1
1908_9_2_398119.txt,1908-09-02,0,0,2
1908_9_6_398123.txt,1908-09-06,0,0,6
1908_9_9_398126.txt,1908-09-09,0,0,2
1908_9_11_398207.txt,1908-09-11,0,0,4
1908_9_12_398208.txt,1908-09-12,0,0,5
1908_9_17_398214.txt,1908-09-17,0,0,3
1908_9_19_398216.txt,1908-09-19,0,0,5
1908_9_23_398221.txt,1908-09-23,0,0,2
1908_9_26_398224.txt,1908-09-26,0,0,5
1908_9_28_398227.txt,1908-09-28,0,0,0
1908_9_30_398229.txt,1908-09-30,0,0,2
1908_10_1_398230.txt,1908-10-01,0,0,3
1908_10_5_398235.txt,1908-10-05,0,0,0
1908_10_6_398236.txt,1908-10-06,0,0,1
1908_10_8_398238.txt,1908-10-08,0,0,3
1908_10_9_398239.txt,1908-10-09,0,0,4
1908_10_15_398246.txt,1908-10-15,0,0,3
1908_10_17_398248.txt,1908-10-17,0,0,5
1908_10_19_398251.txt,1908-10-19,0,0,0
1908_10_21_398253.txt,1908-10-21,0,0,2
1908_10_22_398254.txt,1908-10-22,0,0,3
1908_10_23_398255.txt,1908-10-23,0,0,4
1908_10_26_398259.txt,1908-10-26,0,0,0
1908_10_30_398263.txt,1908-10-30,0,0,4
1908_11_3_398268.txt,1908-11-03,0,0,1
1908_11_5_398270.txt,1908-11-05,0,0,3
1908_11_6_398271.txt,1908-11-06,0,0,4
1908_11_7_398272.txt,1908-11-07,0,0,5
1908_11_9_398275.txt,1908-11-09,0,0,0
1908_11_10_398276.txt,1908-11-10,0,0,1
1908_11_12_398278.txt,1908-11-12,0,0,3
1908_11_14_398280.txt,1908-11-14,0,0,5
1908_11_27_398424.txt,1908-11-27,0,0,4
1908_12_2_398430.txt,1908-12-02,0,0,2
1908_12_19_398449.txt,1908-12-19,0,0,5
1908_12_22_398453.txt,1908-12-22,0,0,1
1908_12_23_398454.txt,1908-12-23,0,0,2
1908_12_24_398455.txt,1908-12-24,0,0,3
1908_12_27_398457.txt,1908-12-27,0,0,6
1908_12_28_398458.txt,1908-12-28,0,0,0
1908_12_30_398460.txt,1908-12-30,0,0,2
1909_1_1_398462.txt,1909-01-01,0,0,4
1909_1_2_398463.txt,1909-01-02,0,0,5
1909_1_5_398467.txt,1909-01-05,0,0,1
1909_1_6_398468.txt,1909-01-06,0,0,2
1909_1_8_398470.txt,1909-01-08,0,0,4
1909_1_9_398471.txt,1909-01-09,0,0,5
1909_1_11_398474.txt,1909-01-11,0,0,0
1909_1_14_398477.txt,1909-01-14,0,0,3
1909_1_15_398478.txt,1909-01-15,0,0,4
1909_1_16_398479.txt,1909-01-16,0,0,5
1909_1_18_398483.txt,1909-01-18,0,0,0
1909_1_20_398485.txt,1909-01-20,0,0,2
1909_1_23_398488.txt,1909-01-23,0,0,5
1909_1_25_398491.txt,1909-01-25,0,0,0
1909_1_26_398492.txt,1909-01-26,0,0,1
1909_1_29_398495.txt,1909-01-29,0,0,4
1909_1_30_398496.txt,1909-01-30,0,0,5
1909_2_1_398499.txt,1909-02-01,0,0,0
1909_2_3_398501.txt,1909-02-03,0,0,2
1909_2_4_398502.txt,1909-02-04,0,0,3
1909_2_6_398504.txt,1909-02-06,0,0,5
1909_2_11_398510.txt,1909-02-11,0,0,3
1909_2_12_398511.txt,1909-02-12,0,0,4
1909_2_15_398515.txt,1909-02-15,0,0,0
1909_2_16_398516.txt,1909-02-16,0,0,1
1909_2_17_398517.txt,1909-02-17,0,0,2
1909_2_24_398523.txt,1909-02-24,0,0,2
1909_3_2_398530.txt,1909-03-02,0,0,1
1909_3_3_398531.txt,1909-03-03,0,0,2
1909_3_5_398533.txt,1909-03-05,0,0,4
1909_3_9_398538.txt,1909-03-09,0,0,1
1909_3_10_398539.txt,1909-03-10,0,0,2
1909_3_13_398542.txt,1909-03-13,0,0,5
1909_3_15_398545.txt,1909-03-15,0,0,0
1909_3_16_398546.txt,1909-03-16,0,0,1
1909_3_19_398549.txt,1909-03-19,0,0,4
1909_3_20_398550.txt,1909-03-20,0,0,5
1909_3_22_398553.txt,1909-03-22,0,0,0
1909_3_23_398554.txt,1909-03-23,0,0,1
1909_3_24_398555.txt,1909-03-24,0,0,2
1909_3_25_398556.txt,1909-03-25,0,0,3
1909_3_26_398557.txt,1909-03-26,0,0,4
1909_3_27_398558.txt,1909-03-27,0,0,5
1909_4_2_398565.txt,1909-04-02,0,0,4
1909_4_6_398571.txt,1909-04-06,0,0,1
1909_4_14_398579.txt,1909-04-14,0,0,2
1909_4_15_398580.txt,1909-04-15,0,0,3
1909_4_17_398582.txt,1909-04-17,0,0,5
1909_4_19_398585.txt,1909-04-19,0,0,0
1909_4_23_398589.txt,1909-04-23,0,0,4
1909_4_28_398595.txt,1909-04-28,0,0,2
1909_4_29_398596.txt,1909-04-29,0,0,3
1909_5_1_398598.txt,1909-05-01,0,0,5
1909_5_3_398601.txt,1909-05-03,0,0,0
1909_5_6_398604.txt,1909-05-06,0,0,3
1909_5_7_398605.txt,1909-05-07,0,0,4
1909_5_10_398609.txt,1909-05-10,0,0,0
1909_5_11_398610.txt,1909-05-11,0,0,1
1909_5_12_398611.txt,1909-05-12,0,0,2
1909_5_18_398618.txt,1909-05-18,0,0,1
1909_5_19_398619.txt,1909-05-19,0,0,2
1909_5_21_398621.txt,1909-05-21,0,0,4
1909_5_22_398622.txt,1909-05-22,0,0,5
1909_5_24_398625.txt,1909-05-24,0,0,0
1909_5_25_398626.txt,1909-05-25,0,0,1
1909_5_27_398628.txt,1909-05-27,0,0,3
1909_5_28_398629.txt,1909-05-28,0,0,4
1909_5_29_398630.txt,1909-05-29,0,0,5
1909_6_1_398633.txt,1909-06-01,0,0,1
1909_6_3_398635.txt,1909-06-03,0,0,3
1909_6_4_398636.txt,1909-06-04,0,0,4
1909_6_5_398637.txt,1909-06-05,0,0,5
1909_6_7_398640.txt,1909-06-07,0,0,0
1909_6_9_398642.txt,1909-06-09,0,0,2
1909_6_10_398643.txt,1909-06-10,0,0,3
1909_6_12_398645.txt,1909-06-12,0,0,5
1909_6_15_398649.txt,1909-06-15,0,0,1
1909_6_16_398650.txt,1909-06-16,0,0,2
1909_6_17_398651.txt,1909-06-17,0,0,3
1909_6_18_398652.txt,1909-06-18,0,0,4
1909_6_19_398653.txt,1909-06-19,0,0,5
1909_6_20_398654.txt,1909-06-20,0,0,6
1909_6_22_398658.txt,1909-06-22,0,0,1
1909_6_23_398659.txt,1909-06-23,0,0,2
1909_6_28_398665.txt,1909-06-28,0,0,0
1909_6_29_398666.txt,1909-06-29,0,0,1
1909_7_1_398668.txt,1909-07-01,0,0,3
1909_7_2_398669.txt,1909-07-02,0,0,4
1909_7_3_398670.txt,1909-07-03,0,0,5
1909_7_5_398673.txt,1909-07-05,0,0,0
1909_7_6_398674.txt,1909-07-06,0,0,1
1909_7_7_398675.txt,1909-07-07,0,0,2
1909_7_8_398676.txt,1909-07-08,0,0,3
1909_7_9_398677.txt,1909-07-09,0,0,4
1909_7_10_398678.txt,1909-07-10,0,0,5
1909_7_13_398682.txt,1909-07-13,0,0,1
1909_7_14_398683.txt,1909-07-14,0,0,2
1909_7_15_398684.txt,1909-07-15,0,0,3
1909_7_17_398686.txt,1909-07-17,0,0,5
1909_7_20_398690.txt,1909-07-20,0,0,1
1909_7_21_398691.txt,1909-07-21,0,0,2
1909_7_24_398694.txt,1909-07-24,0,0,5
1909_7_26_398697.txt,1909-07-26,0,0,0
1909_7_28_398699.txt,1909-07-28,0,0,2
1909_7_29_398700.txt,1909-07-29,0,0,3
1909_8_4_398707.txt,1909-08-04,0,0,2
1909_8_11_398715.txt,1909-08-11,0,0,2
1909_8_13_398717.txt,1909-08-13,0,0,4
1909_8_14_398718.txt,1909-08-14,0,0,5
1909_8_16_398721.txt,1909-08-16,0,0,0
1909_8_19_398724.txt,1909-08-19,0,0,3
1909_8_20_398725.txt,1909-08-20,0,0,4
1909_8_24_398730.txt,1909-08-24,0,0,1
1909_8_26_398732.txt,1909-08-26,0,0,3
1909_8_27_398733.txt,1909-08-27,0,0,4
1909_8_28_398734.txt,1909-08-28,0,0,5
1909_8_30_398737.txt,1909-08-30,0,0,0
1909_8_31_398738.txt,1909-08-31,0,0,1
1909_9_1_398739.txt,1909-09-01,0,0,2
1909_9_3_398741.txt,1909-09-03,0,0,4
1909_9_4_398742.txt,1909-09-04,0,0,5
1909_9_8_398747.txt,1909-09-08,0,0,2
1909_9_11_398750.txt,1909-09-11,0,0,5
1909_9_12_398887.txt,1909-09-12,0,0,6
1909_9_13_398888.txt,1909-09-13,0,0,0
1909_9_14_398889.txt,1909-09-14,0,0,1
1909_9_15_398890.txt,1909-09-15,0,0,2
1909_9_16_398891.txt,1909-09-16,0,0,3
1909_9_17_398892.txt,1909-09-17,0,0,4
1909_9_20_398896.txt,1909-09-20,0,0,0
1909_9_22_398898.txt,1909-09-22,0,0,2
1909_9_23_398899.txt,1909-09-23,0,0,3
1909_9_24_398900.txt,1909-09-24,0,0,4
1909_9_27_398904.txt,1909-09-27,0,0,0
1909_9_28_398905.txt,1909-09-28,0,0,1
1909_9_29_398906.txt,1909-09-29,0,0,2
1909_10_1_398908.txt,1909-10-01,0,0,4
1909_10_2_398909.txt,1909-10-02,0,0,5
1909_10_5_398913.txt,1909-10-05,0,0,1
1909_10_6_398914.txt,1909-10-06,0,0,2
1909_10_7_398915.txt,1909-10-07,0,0,3
1909_10_9_398917.txt,1909-10-09,0,0,5
1909_10_11_398920.txt,1909-10-11,0,0,0
1909_10_13_398922.txt,1909-10-13,0,0,2
1909_10_15_398924.txt,1909-10-15,0,0,4
1909_10_16_398925.txt,1909-10-16,0,0,5
1909_10_18_398928.txt,1909-10-18,0,0,0
1909_10_22_398932.txt,1909-10-22,0,0,4
1909_10_25_398936.txt,1909-10-25,0,0,0
1909_10_29_398940.txt,1909-10-29,0,0,4
1909_11_12_398958.txt,1909-11-12,0,0,4
1909_11_13_398959.txt,1909-11-13,0,0,5
1909_11_19_398966.txt,1909-11-19,0,0,4
1909_11_20_398967.txt,1909-11-20,0,0,5
1909_11_26_399185.txt,1909-11-26,0,0,4
1909_11_29_399189.txt,1909-11-29,0,0,0
1909_11_30_399190.txt,1909-11-30,0,0,1
1909_12_1_399191.txt,1909-12-01,0,0,2
1909_12_4_399194.txt,1909-12-04,0,0,5
1909_12_10_399201.txt,1909-12-10,0,0,4
1909_12_11_399202.txt,1909-12-11,0,0,5
1909_12_16_399208.txt,1909-12-16,0,0,3
1909_12_20_399213.txt,1909-12-20,0,0,0
1909_12_24_399217.txt,1909-12-24,0,0,4
1909_12_27_399220.txt,1909-12-27,0,0,0
1909_12_30_399223.txt,1909-12-30,0,0,3
1910_1_4_399228.txt,1910-01-04,0,0,1
1910_1_6_399230.txt,1910-01-06,0,0,3
1910_1_10_399235.txt,1910-01-10,0,0,0
1910_1_11_399236.txt,1910-01-11,0,0,1
1910_1_18_399244.txt,1910-01-18,0,0,1
1910_1_19_399245.txt,1910-01-19,0,0,2
1910_1_21_399247.txt,1910-01-21,0,0,4
1910_1_22_399248.txt,1910-01-22,0,0,5
1910_1_24_399384.txt,1910-01-24,0,0,0
1910_1_25_399385.txt,1910-01-25,0,0,1
1910_1_27_399387.txt,1910-01-27,0,0,3
1910_1_28_399388.txt,1910-01-28,0,0,4
1910_1_31_399392.txt,1910-01-31,0,0,0
1910_2_1_399393.txt,1910-02-01,0,0,1
1910_2_2_399394.txt,1910-02-02,0,0,2
1910_2_3_399395.txt,1910-02-03,0,0,3
1910_2_4_399396.txt,1910-02-04,0,0,4
1910_2_9_399400.txt,1910-02-09,0,0,2
1910_2_10_399401.txt,1910-02-10,0,0,3
1910_2_11_399402.txt,1910-02-11,0,0,4
1910_2_12_399403.txt,1910-02-12,0,0,5
1910_2_15_399407.txt,1910-02-15,0,0,1
1910_2_17_399409.txt,1910-02-17,0,0,3
1910_2_18_399410.txt,1910-02-18,0,0,4
1910_3_3_399425.txt,1910-03-03,0,0,3
1910_3_4_399426.txt,1910-03-04,0,0,4
1910_3_7_399430.txt,1910-03-07,0,0,0
1910_3_8_399431.txt,1910-03-08,0,0,1
1910_3_9_399432.txt,1910-03-09,0,0,2
1910_3_10_399433.txt,1910-03-10,0,0,3
1910_3_11_399434.txt,1910-03-11,0,0,4
1910_3_12_399435.txt,1910-03-12,0,0,5
1910_3_16_399440.txt,1910-03-16,0,0,2
1910_3_17_399442.txt,1910-03-17,0,0,3
1910_3_18_399443.txt,1910-03-18,0,0,4
1910_3_19_399444.txt,1910-03-19,0,0,5
1910_3_21_399447.txt,1910-03-21,0,0,0
1910_3_22_399448.txt,1910-03-22,0,0,1
1910_3_23_399449.txt,1910-03-23,0,0,2
1910_3_24_399450.txt,1910-03-24,0,0,3
1910_3_25_399451.txt,1910-03-25,0,0,4
1910_3_26_399452.txt,1910-03-26,0,0,5
1910_3_29_399455.txt,1910-03-29,0,0,1
1910_3_30_399456.txt,1910-03-30,0,0,2
1910_3_31_399457.txt,1910-03-31,0,0,3
1910_4_1_399458.txt,1910-04-01,0,0,4
1910_4_6_399463.txt,1910-04-06,0,0,2
1910_4_7_399464.txt,1910-04-07,0,0,3
1910_4_8_399468.txt,1910-04-08,0,0,4
1910_4_11_399472.txt,1910-04-11,0,0,0
1910_4_12_399473.txt,1910-04-12,0,0,1
1910_4_15_399476.txt,1910-04-15,0,0,4
1910_4_16_399477.txt,1910-04-16,0,0,5
1910_4_20_399482.txt,1910-04-20,0,0,2
1910_4_21_399483.txt,1910-04-21,0,0,3
1910_4_22_399484.txt,1910-04-22,0,0,4
1910_4_23_399485.txt,1910-04-23,0,0,5
1910_4_26_399489.txt,1910-04-26,0,0,1
1910_4_29_399492.txt,1910-04-29,0,0,4
1910_5_2_399496.txt,1910-05-02,0,0,0
1910_5_4_399498.txt,1910-05-04,0,0,2
1910_5_5_399499.txt,1910-05-05,0,0,3
1910_5_7_399501.txt,1910-05-07,0,0,5
1910_5_11_399506.txt,1910-05-11,0,0,2
1910_5_13_399508.txt,1910-05-13,0,0,4
1910_5_18_399513.txt,1910-05-18,0,0,2
1910_5_19_399514.txt,1910-05-19,0,0,3
1910_5_23_399519.txt,1910-05-23,0,0,0
1910_5_24_399520.txt,1910-05-24,0,0,1
1910_5_25_399521.txt,1910-05-25,0,0,2
1910_5_26_399522.txt,1910-05-26,0,0,3
1910_5_27_399523.txt,1910-05-27,0,0,4
1910_5_30_399527.txt,1910-05-30,0,0,0
1910_6_1_399529.txt,1910-06-01,0,0,2
1910_6_2_399530.txt,1910-06-02,0,0,3
1910_6_3_399531.txt,1910-06-03,0,0,4
1910_6_4_399532.txt,1910-06-04,0,0,5
1910_6_10_399539.txt,1910-06-10,0,0,4
1910_6_11_399540.txt,1910-06-11,0,0,5
1910_6_13_399543.txt,1910-06-13,0,0,0
1910_6_14_399544.txt,1910-06-14,0,0,1
1910_6_21_399552.txt,1910-06-21,0,0,1
1910_6_22_399553.txt,1910-06-22,0,0,2
1910_6_27_415744.txt,1910-06-27,0,0,0
1910_6_28_415745.txt,1910-06-28,0,0,1
1910_7_1_415748.txt,1910-07-01,0,0,4
1910_7_4_415752.txt,1910-07-04,0,0,0
1910_7_5_415753.txt,1910-07-05,0,0,1
1910_7_12_415761.txt,1910-07-12,0,0,1
1910_7_13_415762.txt,1910-07-13,0,0,2
1910_7_14_415763.txt,1910-07-14,0,0,3
1910_7_16_415765.txt,1910-07-16,0,0,5
1910_7_18_415768.txt,1910-07-18,0,0,0
1910_7_20_415770.txt,1910-07-20,0,0,2
1910_7_22_415772.txt,1910-07-22,0,0,4
1910_7_23_415773.txt,1910-07-23,0,0,5
1910_7_25_415776.txt,1910-07-25,0,0,0
1910_7_26_415777.txt,1910-07-26,0,0,1
1910_7_27_415778.txt,1910-07-27,0,0,2
1910_7_29_415780.txt,1910-07-29,0,0,4
1910_7_30_415781.txt,1910-07-30,0,0,5
1910_8_1_415784.txt,1910-08-01,0,0,0
1910_8_2_415785.txt,1910-08-02,0,0,1
1910_8_6_415789.txt,1910-08-06,0,0,5
1910_8_8_415792.txt,1910-08-08,0,0,0
1910_8_10_415794.txt,1910-08-10,0,0,2
1910_8_11_415795.txt,1910-08-11,0,0,3
1910_8_12_415796.txt,1910-08-12,0,0,4
1910_8_13_415797.txt,1910-08-13,0,0,5
1910_8_16_415801.txt,1910-08-16,0,0,1
1910_8_17_415802.txt,1910-08-17,0,0,2
1910_8_19_415804.txt,1910-08-19,0,0,4
1910_8_24_415810.txt,1910-08-24,0,0,2
1910_8_25_415811.txt,1910-08-25,0,0,3
1910_8_27_415813.txt,1910-08-27,0,0,5
1910_8_29_415816.txt,1910-08-29,0,0,0
1910_9_3_415821.txt,1910-09-03,0,0,5
1910_9_5_415824.txt,1910-09-05,0,0,0
1910_9_6_415825.txt,1910-09-06,0,0,1
1910_9_7_415826.txt,1910-09-07,0,0,2
1910_9_8_415827.txt,1910-09-08,0,0,3
1910_9_9_415828.txt,1910-09-09,0,0,4
1910_9_12_415833.txt,1910-09-12,0,0,0
1910_9_14_415835.txt,1910-09-14,0,0,2
1910_9_15_415836.txt,1910-09-15,0,0,3
1910_9_16_415837.txt,1910-09-16,0,0,4
1910_9_17_415838.txt,1910-09-17,0,0,5
1910_9_19_415841.txt,1910-09-19,0,0,0
1910_9_20_415842.txt,1910-09-20,0,0,1
1910_9_22_415844.txt,1910-09-22,0,0,3
1910_9_23_415845.txt,1910-09-23,0,0,4
1910_9_24_415846.txt,1910-09-24,0,0,5
1910_9_27_415850.txt,1910-09-27,0,0,1
1910_9_28_415851.txt,1910-09-28,0,0,2
1910_9_29_415852.txt,1910-09-29,0,0,3
1910_10_1_415854.txt,1910-10-01,0,0,5
1910_10_3_415857.txt,1910-10-03,0,0,0
1910_10_4_415858.txt,1910-10-04,0,0,1
1910_10_5_415859.txt,1910-10-05,0,0,2
1910_10_6_415860.txt,1910-10-06,0,0,3
1910_10_7_415861.txt,1910-10-07,0,0,4
1910_10_8_415862.txt,1910-10-08,0,0,5
1910_10_14_415869.txt,1910-10-14,0,0,4
1910_10_15_415870.txt,1910-10-15,0,0,5
1910_10_19_415875.txt,1910-10-19,0,0,2
1910_10_21_415877.txt,1910-10-21,0,0,4
1910_10_22_415878.txt,1910-10-22,0,0,5
1910_10_25_415882.txt,1910-10-25,0,0,1
1910_10_26_415883.txt,1910-10-26,0,0,2
1910_10_27_415884.txt,1910-10-27,0,0,3
1910_10_31_415889.txt,1910-10-31,0,0,0
1910_11_1_415890.txt,1910-11-01,0,0,1
1910_11_2_415891.txt,1910-11-02,0,0,2
1910_11_4_415893.txt,1910-11-04,0,0,4
1910_11_7_415897.txt,1910-11-07,0,0,0
1910_11_8_415898.txt,1910-11-08,0,0,1
1910_11_10_415900.txt,1910-11-10,0,0,3
1910_11_12_415902.txt,1910-11-12,0,0,5
1910_11_14_415905.txt,1910-11-14,0,0,0
1910_11_17_415909.txt,1910-11-17,0,0,3
1910_11_18_415910.txt,1910-11-18,0,0,4
1910_11_21_415914.txt,1910-11-21,0,0,0
1910_11_24_415917.txt,1910-11-24,0,0,3
1910_11_26_415919.txt,1910-11-26,0,0,5
1910_11_28_415922.txt,1910-11-28,0,0,0
1910_11_29_415923.txt,1910-11-29,0,0,1
1910_11_30_415924.txt,1910-11-30,0,0,2
1910_12_1_415925.txt,1910-12-01,0,0,3
1910_12_3_415927.txt,1910-12-03,0,0,5
1910_12_5_415930.txt,1910-12-05,0,0,0
1910_12_7_415932.txt,1910-12-07,0,0,2
1910_12_10_415935.txt,1910-12-10,0,0,5
1910_12_12_415938.txt,1910-12-12,0,0,0
1910_12_13_415939.txt,1910-12-13,0,0,1
1910_12_14_415940.txt,1910-12-14,0,0,2
1910_12_15_415941.txt,1910-12-15,0,0,3
1910_12_16_415942.txt,1910-12-16,0,0,4
1910_12_17_415943.txt,1910-12-17,0,0,5
1910_12_19_415946.txt,1910-12-19,0,0,0
1910_12_20_415947.txt,1910-12-20,0,0,1
1910_12_24_415951.txt,1910-12-24,0,0,5
1910_12_28_415955.txt,1910-12-28,0,0,2
1910_12_29_415956.txt,1910-12-29,0,0,3
1910_12_30_415957.txt,1910-12-30,0,0,4
1910_12_31_415958.txt,1910-12-31,0,0,5
1911_1_2_415961.txt,1911-01-02,0,0,0
1911_1_3_415962.txt,1911-01-03,0,0,1
1911_1_5_415964.txt,1911-01-05,0,0,3
1911_1_6_415965.txt,1911-01-06,0,0,4
1911_1_7_415966.txt,1911-01-07,0,0,5
1911_1_9_415969.txt,1911-01-09,0,0,0
1911_1_10_415970.txt,1911-01-10,0,0,1
1911_1_12_415972.txt,1911-01-12,0,0,3
1911_1_13_415973.txt,1911-01-13,0,0,4
1911_1_16_415978.txt,1911-01-16,0,0,0
1911_1_20_415982.txt,1911-01-20,0,0,4
1911_1_21_415983.txt,1911-01-21,0,0,5
1911_1_23_415986.txt,1911-01-23,0,0,0
1911_1_25_415988.txt,1911-01-25,0,0,2
1911_1_31_415995.txt,1911-01-31,0,0,1
1911_2_2_415997.txt,1911-02-02,0,0,3
1911_2_7_416003.txt,1911-02-07,0,0,1
1911_2_10_416006.txt,1911-02-10,0,0,4
1911_2_11_416007.txt,1911-02-11,0,0,5
1911_2_13_416010.txt,1911-02-13,0,0,0
1911_2_14_416011.txt,1911-02-14,0,0,1
1911_2_15_416012.txt,1911-02-15,0,0,2
1911_2_16_416013.txt,1911-02-16,0,0,3
1911_2_17_416014.txt,1911-02-17,0,0,4
1911_2_18_416015.txt,1911-02-18,0,0,5
1911_2_21_416019.txt,1911-02-21,0,0,1
1911_2_25_416023.txt,1911-02-25,0,0,5
1911_3_1_416026.txt,1911-03-01,0,0,2
1911_3_6_416032.txt,1911-03-06,0,0,0
1911_3_11_416037.txt,1911-03-11,0,0,5
1911_3_13_416040.txt,1911-03-13,0,0,0
1911_3_18_416045.txt,1911-03-18,0,0,5
1911_3_25_416053.txt,1911-03-25,0,0,5
1911_3_30_416131.txt,1911-03-30,0,0,3
1911_3_31_416132.txt,1911-03-31,0,0,4
1911_4_3_416136.txt,1911-04-03,0,0,0
1911_4_5_416138.txt,1911-04-05,0,0,2
1911_4_7_416140.txt,1911-04-07,0,0,4
1911_4_8_416141.txt,1911-04-08,0,0,5
1911_4_11_416145.txt,1911-04-11,0,0,1
1911_4_12_416146.txt,1911-04-12,0,0,2
1911_4_15_416149.txt,1911-04-15,0,0,5
1911_4_18_416152.txt,1911-04-18,0,0,1
1911_4_19_416153.txt,1911-04-19,0,0,2
1911_4_21_416155.txt,1911-04-21,0,0,4
1911_4_22_416156.txt,1911-04-22,0,0,5
1911_4_24_416159.txt,1911-04-24,0,0,0
1911_4_25_416160.txt,1911-04-25,0,0,1
1911_4_26_416161.txt,1911-04-26,0,0,2
1911_4_29_416164.txt,1911-04-29,0,0,5
1911_5_3_416169.txt,1911-05-03,0,0,2
1911_5_4_416170.txt,1911-05-04,0,0,3
1911_5_6_416172.txt,1911-05-06,0,0,5
1911_5_8_416175.txt,1911-05-08,0,0,0
1911_5_10_416177.txt,1911-05-10,0,0,2
1911_5_12_416179.txt,1911-05-12,0,0,4
1911_5_17_416185.txt,1911-05-17,0,0,2
1911_5_18_416186.txt,1911-05-18,0,0,3
1911_5_19_416187.txt,1911-05-19,0,0,4
1911_5_20_416188.txt,1911-05-20,0,0,5
1911_5_25_416193.txt,1911-05-25,0,0,3
1911_5_26_416194.txt,1911-05-26,0,0,4
1911_5_27_416195.txt,1911-05-27,0,0,5
1911_5_31_416200.txt,1911-05-31,0,0,2
1911_6_1_416202.txt,1911-06-01,0,0,3
1911_6_6_416207.txt,1911-06-06,0,0,1
1911_6_8_416209.txt,1911-06-08,0,0,3
1911_6_9_416210.txt,1911-06-09,0,0,4
1911_6_12_416214.txt,1911-06-12,0,0,0
1911_6_14_416216.txt,1911-06-14,0,0,2
1911_6_15_416217.txt,1911-06-15,0,0,3
1911_6_19_416222.txt,1911-06-19,0,0,0
1911_6_20_416223.txt,1911-06-20,0,0,1
1911_6_27_416231.txt,1911-06-27,0,0,1
1911_6_28_416232.txt,1911-06-28,0,0,2
1911_6_29_416233.txt,1911-06-29,0,0,3
1911_7_1_416235.txt,1911-07-01,0,0,5
1911_7_3_416238.txt,1911-07-03,0,0,0
1911_7_6_416241.txt,1911-07-06,0,0,3
1911_7_11_416247.txt,1911-07-11,0,0,1
1911_7_14_416250.txt,1911-07-14,0,0,4
1911_7_18_416255.txt,1911-07-18,0,0,1
1911_7_19_416256.txt,1911-07-19,0,0,2
1911_7_20_416257.txt,1911-07-20,0,0,3
1911_7_21_416258.txt,1911-07-21,0,0,4
1911_7_24_416262.txt,1911-07-24,0,0,0
1911_7_28_416266.txt,1911-07-28,0,0,4
1911_7_29_416267.txt,1911-07-29,0,0,5
1911_8_3_416273.txt,1911-08-03,0,0,3
1911_8_4_416274.txt,1911-08-04,0,0,4
1911_8_5_416275.txt,1911-08-05,0,0,5
1911_8_9_416280.txt,1911-08-09,0,0,2
1911_8_11_416283.txt,1911-08-11,0,0,4
1911_8_14_416287.txt,1911-08-14,0,0,0
1911_8_15_416288.txt,1911-08-15,0,0,1
1911_8_16_416289.txt,1911-08-16,0,0,2
1911_8_17_416290.txt,1911-08-17,0,0,3
1911_8_19_416292.txt,1911-08-19,0,0,5
1911_8_24_416298.txt,1911-08-24,0,0,3
1911_8_26_416300.txt,1911-08-26,0,0,5
1911_8_28_416303.txt,1911-08-28,0,0,0
1911_8_31_416306.txt,1911-08-31,0,0,3
1911_9_4_416311.txt,1911-09-04,0,0,0
1911_9_6_416313.txt,1911-09-06,0,0,2
1911_9_12_416320.txt,1911-09-12,0,0,1
1911_9_15_416323.txt,1911-09-15,0,0,4
1911_9_18_416327.txt,1911-09-18,0,0,0
1911_9_20_416329.txt,1911-09-20,0,0,2
1911_9_23_416332.txt,1911-09-23,0,0,5
1911_9_26_416336.txt,1911-09-26,0,0,1
1911_9_27_416337.txt,1911-09-27,0,0,2
1911_10_2_416343.txt,1911-10-02,0,0,0
1911_10_6_416347.txt,1911-10-06,0,0,4
1911_10_10_416352.txt,1911-10-10,0,0,1
1911_10_12_416354.txt,1911-10-12,0,0,3
1911_10_20_416364.txt,1911-10-20,0,0,4
1911_10_26_416371.txt,1911-10-26,0,0,3
1911_10_31_416377.txt,1911-10-31,0,0,1
1911_11_1_416378.txt,1911-11-01,0,0,2
1911_11_4_416381.txt,1911-11-04,0,0,5
1911_11_8_416386.txt,1911-11-08,0,0,2
1911_11_9_416387.txt,1911-11-09,0,0,3
1911_11_17_416396.txt,1911-11-17,0,0,4
1911_11_18_416397.txt,1911-11-18,0,0,5
1911_11_20_416400.txt,1911-11-20,0,0,0
1911_11_25_416405.txt,1911-11-25,0,0,5
1911_11_27_416408.txt,1911-11-27,0,0,0
1911_11_28_416409.txt,1911-11-28,0,0,1
1911_11_30_416411.txt,1911-11-30,0,0,3
1911_12_1_416412.txt,1911-12-01,0,0,4
1911_12_2_416413.txt,1911-12-02,0,0,5
1911_12_4_416416.txt,1911-12-04,0,0,0
1911_12_11_416424.txt,1911-12-11,0,0,0
1911_12_14_416428.txt,1911-12-14,0,0,3
1911_12_18_416433.txt,1911-12-18,0,0,0
1911_12_20_416435.txt,1911-12-20,0,0,2
1911_12_23_416438.txt,1911-12-23,0,0,5
1911_12_27_416441.txt,1911-12-27,0,0,2
1911_12_28_416442.txt,1911-12-28,0,0,3
1911_12_30_416444.txt,1911-12-30,0,0,5
1912_1_4_416450.txt,1912-01-04,0,0,3
1912_1_5_416451.txt,1912-01-05,0,0,4
1912_1_7_416453.txt,1912-01-07,0,0,6
1912_1_8_416454.txt,1912-01-08,0,0,0
1912_1_9_416455.txt,1912-01-09,0,0,1
1912_1_10_416456.txt,1912-01-10,0,0,2
1912_1_11_416457.txt,1912-01-11,0,0,3
1912_1_12_416458.txt,1912-01-12,0,0,4
1912_1_13_416459.txt,1912-01-13,0,0,5
1912_1_18_416465.txt,1912-01-18,0,0,3
1912_1_19_416466.txt,1912-01-19,0,0,4
1912_1_20_416467.txt,1912-01-20,0,0,5
1912_1_23_416471.txt,1912-01-23,0,0,1
1912_1_24_416472.txt,1912-01-24,0,0,2
1912_1_29_416478.txt,1912-01-29,0,0,0
1912_1_30_416479.txt,1912-01-30,0,0,1
1912_2_2_416482.txt,1912-02-02,0,0,4
1912_2_5_416486.txt,1912-02-05,0,0,0
1912_2_6_416487.txt,1912-02-06,0,0,1
1912_2_9_416490.txt,1912-02-09,0,0,4
1912_2_12_427882.txt,1912-02-12,0,0,0
1912_2_13_427883.txt,1912-02-13,0,0,1
1912_2_14_427884.txt,1912-02-14,0,0,2
1912_2_15_427885.txt,1912-02-15,0,0,3
1912_2_16_427886.txt,1912-02-16,0,0,4
1912_2_21_427890.txt,1912-02-21,0,0,2
1912_2_28_427898.txt,1912-02-28,0,0,2
1912_2_29_427899.txt,1912-02-29,0,0,3
1912_3_7_427907.txt,1912-03-07,0,0,3
1912_3_8_427908.txt,1912-03-08,0,0,4
1912_3_12_427913.txt,1912-03-12,0,0,1
1912_3_19_427921.txt,1912-03-19,0,0,1
1912_3_29_427932.txt,1912-03-29,0,0,4
1912_4_1_427945.txt,1912-04-01,0,0,0
1912_4_2_427946.txt,1912-04-02,0,0,1
1912_4_3_427947.txt,1912-04-03,0,0,2
1912_4_9_416495.txt,1912-04-09,0,0,1
1912_4_10_416496.txt,1912-04-10,0,0,2
1912_4_12_416498.txt,1912-04-12,0,0,4
1912_4_16_416503.txt,1912-04-16,0,0,1
1912_4_18_416505.txt,1912-04-18,0,0,3
1912_4_19_416506.txt,1912-04-19,0,0,4
1912_4_24_416512.txt,1912-04-24,0,0,2
1912_4_26_416514.txt,1912-04-26,0,0,4
1912_4_27_416515.txt,1912-04-27,0,0,5
1912_4_29_416518.txt,1912-04-29,0,0,0
1912_4_30_416519.txt,1912-04-30,0,0,1
1912_5_1_416520.txt,1912-05-01,0,0,2
1912_5_6_416526.txt,1912-05-06,0,0,0
1912_5_8_416528.txt,1912-05-08,0,0,2
1912_5_11_416531.txt,1912-05-11,0,0,5
1912_5_15_416536.txt,1912-05-15,0,0,2
1912_5_17_416538.txt,1912-05-17,0,0,4
1912_5_24_416546.txt,1912-05-24,0,0,4
1912_5_30_416552.txt,1912-05-30,0,0,3
1912_6_4_416558.txt,1912-06-04,0,0,1
1912_6_6_416560.txt,1912-06-06,0,0,3
1912_6_7_416561.txt,1912-06-07,0,0,4
1912_6_10_423816.txt,1912-06-10,0,0,0
1912_6_11_423817.txt,1912-06-11,0,0,1
1912_6_17_423824.txt,1912-06-17,0,0,0
1912_6_18_423825.txt,1912-06-18,0,0,1
1912_6_22_423829.txt,1912-06-22,0,0,5
1912_6_26_423834.txt,1912-06-26,0,0,2
1912_6_27_423835.txt,1912-06-27,0,0,3
1912_6_28_423836.txt,1912-06-28,0,0,4
1912_6_29_423838.txt,1912-06-29,0,0,5
1912_6_30_423837.txt,1912-06-30,0,0,6
1912_7_1_423839.txt,1912-07-01,0,0,0
1912_7_2_423840.txt,1912-07-02,0,0,1
1912_7_3_423841.txt,1912-07-03,0,0,2
1912_7_6_423844.txt,1912-07-06,0,0,5
1912_7_12_423851.txt,1912-07-12,0,0,4
1912_7_13_423852.txt,1912-07-13,0,0,5
1912_7_20_423860.txt,1912-07-20,0,0,5
1912_7_23_423864.txt,1912-07-23,0,0,1
1912_7_24_423865.txt,1912-07-24,0,0,2
1912_7_29_423871.txt,1912-07-29,0,0,0
1912_7_30_423872.txt,1912-07-30,0,0,1
1912_8_2_423875.txt,1912-08-02,0,0,4
1912_8_3_423876.txt,1912-08-03,0,0,5
1912_8_5_423879.txt,1912-08-05,0,0,0
1912_8_8_423882.txt,1912-08-08,0,0,3
1912_8_12_423887.txt,1912-08-12,0,0,0
1912_8_13_423888.txt,1912-08-13,0,0,1
1912_8_14_423889.txt,1912-08-14,0,0,2
1912_8_15_423890.txt,1912-08-15,0,0,3
1912_8_17_423893.txt,1912-08-17,0,0,5
1912_8_19_423896.txt,1912-08-19,0,0,0
1912_8_20_423897.txt,1912-08-20,0,0,1
1912_8_22_423899.txt,1912-08-22,0,0,3
1912_8_23_423900.txt,1912-08-23,0,0,4
1912_8_26_423904.txt,1912-08-26,0,0,0
1912_8_28_423906.txt,1912-08-28,0,0,2
1912_8_31_423909.txt,1912-08-31,0,0,5
1912_9_2_423912.txt,1912-09-02,0,0,0
1912_9_3_423913.txt,1912-09-03,0,0,1
1912_9_4_423914.txt,1912-09-04,0,0,2
1912_9_5_423915.txt,1912-09-05,0,0,3
1912_9_6_423916.txt,1912-09-06,0,0,4
1912_9_7_423917.txt,1912-09-07,0,0,5
1912_9_9_423920.txt,1912-09-09,0,0,0
1912_9_13_423924.txt,1912-09-13,0,0,4
1912_9_16_423928.txt,1912-09-16,0,0,0
1912_9_19_423931.txt,1912-09-19,0,0,3
1912_9_20_423932.txt,1912-09-20,0,0,4
1912_9_23_423936.txt,1912-09-23,0,0,0
1912_9_26_423939.txt,1912-09-26,0,0,3
1912_9_27_423940.txt,1912-09-27,0,0,4
1912_10_3_423947.txt,1912-10-03,0,0,3
1912_10_5_423949.txt,1912-10-05,0,0,5
1912_10_8_423953.txt,1912-10-08,0,0,1
1912_10_9_423954.txt,1912-10-09,0,0,2
1912_10_14_423961.txt,1912-10-14,0,0,0
1912_10_15_423962.txt,1912-10-15,0,0,1
1912_10_16_423963.txt,1912-10-16,0,0,2
1912_10_17_423964.txt,1912-10-17,0,0,3
1912_10_19_424032.txt,1912-10-19,0,0,5
1912_10_21_424035.txt,1912-10-21,0,0,0
1912_10_23_424037.txt,1912-10-23,0,0,2
1912_10_24_424038.txt,1912-10-24,0,0,3
1912_10_25_424039.txt,1912-10-25,0,0,4
1912_10_28_424043.txt,1912-10-28,0,0,0
1912_10_29_424044.txt,1912-10-29,0,0,1
1912_10_30_424045.txt,1912-10-30,0,0,2
1912_11_1_424047.txt,1912-11-01,0,0,4
1912_11_5_424052.txt,1912-11-05,0,0,1
1912_11_6_424053.txt,1912-11-06,0,0,2
1912_11_7_424054.txt,1912-11-07,0,0,3
1912_11_8_424055.txt,1912-11-08,0,0,4
1912_11_9_424056.txt,1912-11-09,0,0,5
1912_11_12_424060.txt,1912-11-12,0,0,1
1912_11_13_424061.txt,1912-11-13,0,0,2
1912_11_15_424063.txt,1912-11-15,0,0,4
1912_11_22_424071.txt,1912-11-22,0,0,4
1912_11_23_424072.txt,1912-11-23,0,0,5
1912_11_25_424075.txt,1912-11-25,0,0,0
1912_11_26_424076.txt,1912-11-26,0,0,1
1912_11_27_424077.txt,1912-11-27,0,0,2
1912_11_28_424078.txt,1912-11-28,0,0,3
1912_11_29_424079.txt,1912-11-29,0,0,4
1912_12_2_424083.txt,1912-12-02,0,0,0
1912_12_3_424084.txt,1912-12-03,0,0,1
1912_12_4_424085.txt,1912-12-04,0,0,2
1912_12_6_424087.txt,1912-12-06,0,0,4
1912_12_7_424088.txt,1912-12-07,0,0,5
1912_12_9_424091.txt,1912-12-09,0,0,0
1912_12_13_424095.txt,1912-12-13,0,0,4
1912_12_20_424100.txt,1912-12-20,0,0,4
1912_12_25_424106.txt,1912-12-25,0,0,2
1912_12_28_424108.txt,1912-12-28,0,0,5
1913_1_1_424113.txt,1913-01-01,0,0,2
1913_1_4_424116.txt,1913-01-04,0,0,5
1913_1_6_424119.txt,1913-01-06,0,0,0
1913_1_7_424120.txt,1913-01-07,0,0,1
1913_1_8_424121.txt,1913-01-08,0,0,2
1913_1_9_424122.txt,1913-01-09,0,0,3
1913_1_10_424123.txt,1913-01-10,0,0,4
1913_1_13_424127.txt,1913-01-13,0,0,0
1913_1_15_424129.txt,1913-01-15,0,0,2
1913_1_16_424130.txt,1913-01-16,0,0,3
1913_1_17_424131.txt,1913-01-17,0,0,4
1913_1_18_424132.txt,1913-01-18,0,0,5
1913_1_20_424135.txt,1913-01-20,0,0,0
1913_1_22_424137.txt,1913-01-22,0,0,2
1913_1_23_424138.txt,1913-01-23,0,0,3
1913_1_24_424139.txt,1913-01-24,0,0,4
1913_1_27_424143.txt,1913-01-27,0,0,0
1913_2_1_424148.txt,1913-02-01,0,0,5
1913_2_5_424151.txt,1913-02-05,0,0,2
1913_2_6_424152.txt,1913-02-06,0,0,3
1913_2_7_424153.txt,1913-02-07,0,0,4
1913_2_10_424157.txt,1913-02-10,0,0,0
1913_2_13_424160.txt,1913-02-13,0,0,3
1913_2_14_424161.txt,1913-02-14,0,0,4
1913_2_15_424162.txt,1913-02-15,0,0,5
1913_2_24_424174.txt,1913-02-24,0,0,0
1913_3_1_424179.txt,1913-03-01,0,0,5
1913_3_3_424182.txt,1913-03-03,0,0,0
1913_3_4_424183.txt,1913-03-04,0,0,1
1913_3_5_424184.txt,1913-03-05,0,0,2
1913_3_7_424186.txt,1913-03-07,0,0,4
1913_3_10_424190.txt,1913-03-10,0,0,0
1913_3_11_424191.txt,1913-03-11,0,0,1
1913_3_13_424193.txt,1913-03-13,0,0,3
1913_3_14_424194.txt,1913-03-14,0,0,4
1913_3_19_424200.txt,1913-03-19,0,0,2
1913_3_20_424201.txt,1913-03-20,0,0,3
1913_3_25_424206.txt,1913-03-25,0,0,1
1913_3_26_424207.txt,1913-03-26,0,0,2
1913_3_28_424209.txt,1913-03-28,0,0,4
1913_3_29_424210.txt,1913-03-29,0,0,5
1913_3_31_424213.txt,1913-03-31,0,0,0
1913_4_1_424214.txt,1913-04-01,0,0,1
1913_4_3_424216.txt,1913-04-03,0,0,3
1913_4_9_424223.txt,1913-04-09,0,0,2
1913_4_10_424224.txt,1913-04-10,0,0,3
1913_4_11_424225.txt,1913-04-11,0,0,4
1913_4_14_424229.txt,1913-04-14,0,0,0
1913_4_15_424230.txt,1913-04-15,0,0,1
1913_4_16_424232.txt,1913-04-16,0,0,2
1913_4_21_424238.txt,1913-04-21,0,0,0
1913_4_23_424240.txt,1913-04-23,0,0,2
1913_4_29_424247.txt,1913-04-29,0,0,1
1913_5_1_424249.txt,1913-05-01,0,0,3
1913_5_6_424255.txt,1913-05-06,0,0,1
1913_5_10_424259.txt,1913-05-10,0,0,5
1913_5_16_424265.txt,1913-05-16,0,0,4
1913_5_19_424269.txt,1913-05-19,0,0,0
1913_5_22_424272.txt,1913-05-22,0,0,3
1913_5_23_424273.txt,1913-05-23,0,0,4
1913_5_27_424278.txt,1913-05-27,0,0,1
1913_5_29_424280.txt,1913-05-29,0,0,3
1913_5_30_424281.txt,1913-05-30,0,0,4
1913_5_31_424282.txt,1913-05-31,0,0,5
1913_6_2_424285.txt,1913-06-02,0,0,0
1913_6_3_424286.txt,1913-06-03,0,0,1
1913_6_5_424288.txt,1913-06-05,0,0,3
1913_6_6_424289.txt,1913-06-06,0,0,4
1913_6_7_424290.txt,1913-06-07,0,0,5
1913_6_10_424294.txt,1913-06-10,0,0,1
1913_6_11_424295.txt,1913-06-11,0,0,2
1913_6_12_424296.txt,1913-06-12,0,0,3
1913_6_13_424297.txt,1913-06-13,0,0,4
1913_6_17_424303.txt,1913-06-17,0,0,1
1913_6_18_424304.txt,1913-06-18,0,0,2
1913_6_19_424305.txt,1913-06-19,0,0,3
1913_6_20_424306.txt,1913-06-20,0,0,4
1913_6_25_424312.txt,1913-06-25,0,0,2
1913_6_26_424313.txt,1913-06-26,0,0,3
1913_6_28_424315.txt,1913-06-28,0,0,5
1913_6_30_424318.txt,1913-06-30,0,0,0
1913_7_2_424320.txt,1913-07-02,0,0,2
1913_7_3_424321.txt,1913-07-03,0,0,3
1913_7_7_424326.txt,1913-07-07,0,0,0
1913_7_8_424327.txt,1913-07-08,0,0,1
1913_7_9_424328.txt,1913-07-09,0,0,2
1913_7_14_424334.txt,1913-07-14,0,0,0
1913_7_15_424335.txt,1913-07-15,0,0,1
1913_7_16_424336.txt,1913-07-16,0,0,2
1913_7_18_424338.txt,1913-07-18,0,0,4
1913_7_21_424342.txt,1913-07-21,0,0,0
1913_7_22_424343.txt,1913-07-22,0,0,1
1913_7_25_424346.txt,1913-07-25,0,0,4
1913_7_26_424347.txt,1913-07-26,0,0,5
1913_7_28_424350.txt,1913-07-28,0,0,0
1913_7_30_424352.txt,1913-07-30,0,0,2
1913_8_1_424354.txt,1913-08-01,0,0,4
1913_8_2_424355.txt,1913-08-02,0,0,5
1913_8_4_424358.txt,1913-08-04,0,0,0
1913_8_5_424359.txt,1913-08-05,0,0,1
1913_8_6_424360.txt,1913-08-06,0,0,2
1913_8_9_424363.txt,1913-08-09,0,0,5
1913_8_11_424366.txt,1913-08-11,0,0,0
1913_8_15_424370.txt,1913-08-15,0,0,4
1913_8_16_424371.txt,1913-08-16,0,0,5
1913_8_18_424374.txt,1913-08-18,0,0,0
1913_8_19_424375.txt,1913-08-19,0,0,1
1913_8_20_424376.txt,1913-08-20,0,0,2
1913_8_21_424377.txt,1913-08-21,0,0,3
1913_8_23_424379.txt,1913-08-23,0,0,5
1913_8_27_424385.txt,1913-08-27,0,0,2
1913_9_1_424391.txt,1913-09-01,0,0,0
1913_9_2_424392.txt,1913-09-02,0,0,1
1913_9_3_424393.txt,1913-09-03,0,0,2
1913_9_8_424399.txt,1913-09-08,0,0,0
1913_9_9_424400.txt,1913-09-09,0,0,1
1913_9_10_424401.txt,1913-09-10,0,0,2
1913_9_11_424402.txt,1913-09-11,0,0,3
1913_9_12_424403.txt,1913-09-12,0,0,4
1913_9_16_424408.txt,1913-09-16,0,0,1
1913_9_17_424409.txt,1913-09-17,0,0,2
1913_9_20_424412.txt,1913-09-20,0,0,5
1913_9_22_424415.txt,1913-09-22,0,0,0
1913_9_23_424416.txt,1913-09-23,0,0,1
1913_9_27_424420.txt,1913-09-27,0,0,5
1913_9_29_424423.txt,1913-09-29,0,0,0
1913_10_8_424433.txt,1913-10-08,0,0,2
1913_10_13_424439.txt,1913-10-13,0,0,0
1913_10_15_424441.txt,1913-10-15,0,0,2
1913_10_21_424448.txt,1913-10-21,0,0,1
1913_10_22_424449.txt,1913-10-22,0,0,2
1913_10_24_424451.txt,1913-10-24,0,0,4
1913_10_29_424458.txt,1913-10-29,0,0,2
1913_10_30_424459.txt,1913-10-30,0,0,3
1913_11_2_424461.txt,1913-11-02,0,0,6
1913_11_5_424465.txt,1913-11-05,0,0,2
1913_11_6_424466.txt,1913-11-06,0,0,3
1913_11_7_424467.txt,1913-11-07,0,0,4
1913_11_8_424468.txt,1913-11-08,0,0,5
1913_11_12_424473.txt,1913-11-12,0,0,2
1913_11_13_424474.txt,1913-11-13,0,0,3
1913_11_20_424482.txt,1913-11-20,0,0,3
1913_11_21_424483.txt,1913-11-21,0,0,4
1913_11_24_424487.txt,1913-11-24,0,0,0
1913_11_26_424489.txt,1913-11-26,0,0,2
1913_11_27_424490.txt,1913-11-27,0,0,3
1913_11_29_424492.txt,1913-11-29,0,0,5
1913_12_1_424495.txt,1913-12-01,0,0,0
1913_12_2_424496.txt,1913-12-02,0,0,1
1913_12_3_424497.txt,1913-12-03,0,0,2
1913_12_6_424500.txt,1913-12-06,0,0,5
1913_12_8_424503.txt,1913-12-08,0,0,0
1913_12_12_424507.txt,1913-12-12,0,0,4
1913_12_13_424508.txt,1913-12-13,0,0,5
1913_12_16_424512.txt,1913-12-16,0,0,1
1913_12_18_424514.txt,1913-12-18,0,0,3
1913_12_22_424520.txt,1913-12-22,0,0,0
1913_12_23_424521.txt,1913-12-23,0,0,1
1913_12_24_424522.txt,1913-12-24,0,0,2
1913_12_30_424528.txt,1913-12-30,0,0,1
1914_3_1_424577.txt,1914-03-01,0,0,6
1914_3_2_424578.txt,1914-03-02,0,0,0
1914_3_7_424583.txt,1914-03-07,0,0,5
1914_3_13_424590.txt,1914-03-13,0,0,4
1914_3_18_424596.txt,1914-03-18,0,0,2
1914_3_19_424597.txt,1914-03-19,0,0,3
1914_3_21_424599.txt,1914-03-21,0,0,5
1914_3_23_424602.txt,1914-03-23,0,0,0
1914_3_26_424605.txt,1914-03-26,0,0,3
1914_3_27_424606.txt,1914-03-27,0,0,4
1914_3_28_424607.txt,1914-03-28,0,0,5
1914_4_3_424614.txt,1914-04-03,0,0,4
1914_4_6_424617.txt,1914-04-06,0,0,0
1914_4_8_424619.txt,1914-04-08,0,0,2
1914_4_9_424620.txt,1914-04-09,0,0,3
1914_4_10_424621.txt,1914-04-10,0,0,4
1914_10_5_427635.txt,1914-10-05,0,0,0
1914_10_6_427636.txt,1914-10-06,0,0,1
1914_10_8_427638.txt,1914-10-08,0,0,3
1914_10_9_427639.txt,1914-10-09,0,0,4
1914_10_14_427644.txt,1914-10-14,0,0,2
1914_10_18_427648.txt,1914-10-18,0,0,6
1914_10_19_427649.txt,1914-10-19,0,0,0
1914_10_21_427651.txt,1914-10-21,0,0,2
1914_10_23_427653.txt,1914-10-23,0,0,4
1914_10_24_427654.txt,1914-10-24,0,0,5
1914_10_27_427657.txt,1914-10-27,0,0,1
1914_10_28_427658.txt,1914-10-28,0,0,2
1914_10_30_427660.txt,1914-10-30,0,0,4
1914_10_31_427661.txt,1914-10-31,0,0,5
1914_11_3_427664.txt,1914-11-03,0,0,1
1914_11_6_427667.txt,1914-11-06,0,0,4
1914_11_8_427669.txt,1914-11-08,0,0,6
1914_11_9_427670.txt,1914-11-09,0,0,0
1914_11_10_427671.txt,1914-11-10,0,0,1
1914_11_11_427672.txt,1914-11-11,0,0,2
1914_11_12_427673.txt,1914-11-12,0,0,3
1914_11_16_427677.txt,1914-11-16,0,0,0
1914_11_18_427679.txt,1914-11-18,0,0,2
1914_11_20_427681.txt,1914-11-20,0,0,4
1914_11_21_427682.txt,1914-11-21,0,0,5
1914_11_23_427684.txt,1914-11-23,0,0,0
1914_11_24_427685.txt,1914-11-24,0,0,1
1914_11_26_427687.txt,1914-11-26,0,0,3
1914_11_28_427689.txt,1914-11-28,0,0,5
1914_11_29_427690.txt,1914-11-29,0,0,6
1914_11_30_427691.txt,1914-11-30,0,0,0
1914_12_1_427693.txt,1914-12-01,0,0,1
1914_12_4_427696.txt,1914-12-04,0,0,4
1914_12_9_427701.txt,1914-12-09,0,0,2
1914_12_10_427702.txt,1914-12-10,0,0,3
1914_12_12_427704.txt,1914-12-12,0,0,5
1914_12_14_427707.txt,1914-12-14,0,0,0
1914_12_15_427708.txt,1914-12-15,0,0,1
1914_12_21_427715.txt,1914-12-21,0,0,0
1914_12_23_427717.txt,1914-12-23,0,0,2
1914_12_25_427719.txt,1914-12-25,0,0,4
1914_12_28_427720.txt,1914-12-28,0,0,0
1914_12_30_427722.txt,1914-12-30,0,0,2
1915_1_1_427724.txt,1915-01-01,0,0,4
1915_1_2_427725.txt,1915-01-02,0,0,5
1915_1_6_427730.txt,1915-01-06,0,0,2
1915_1_7_427731.txt,1915-01-07,0,0,3
1915_1_8_427732.txt,1915-01-08,0,0,4
1915_1_9_427733.txt,1915-01-09,0,0,5
1915_1_12_427737.txt,1915-01-12,0,0,1
1915_1_15_427740.txt,1915-01-15,0,0,4
1915_1_19_427745.txt,1915-01-19,0,0,1
1915_1_22_427748.txt,1915-01-22,0,0,4
1915_1_25_427752.txt,1915-01-25,0,0,0
1915_1_28_427755.txt,1915-01-28,0,0,3
1915_1_30_427757.txt,1915-01-30,0,0,5
1915_2_4_427763.txt,1915-02-04,0,0,3
1915_2_5_427764.txt,1915-02-05,0,0,4
1915_2_6_427765.txt,1915-02-06,0,0,5
1915_2_11_427771.txt,1915-02-11,0,0,3
1915_2_12_427772.txt,1915-02-12,0,0,4
1915_2_15_427776.txt,1915-02-15,0,0,0
1915_2_16_427777.txt,1915-02-16,0,0,1
1915_2_17_427778.txt,1915-02-17,0,0,2
1915_2_18_427779.txt,1915-02-18,0,0,3
1915_2_19_427780.txt,1915-02-19,0,0,4
1915_2_22_427784.txt,1915-02-22,0,0,0
1915_2_23_427785.txt,1915-02-23,0,0,1
1915_2_24_427786.txt,1915-02-24,0,0,2
1915_2_27_427789.txt,1915-02-27,0,0,5
1915_3_1_427792.txt,1915-03-01,0,0,0
1915_3_2_427793.txt,1915-03-02,0,0,1
1915_3_3_427794.txt,1915-03-03,0,0,2
1915_3_4_427795.txt,1915-03-04,0,0,3
1915_3_5_427796.txt,1915-03-05,0,0,4
1915_3_6_427797.txt,1915-03-06,0,0,5
1915_3_8_427800.txt,1915-03-08,0,0,0
1915_3_9_427801.txt,1915-03-09,0,0,1
1915_3_10_427802.txt,1915-03-10,0,0,2
1915_3_11_427803.txt,1915-03-11,0,0,3
1915_3_12_427804.txt,1915-03-12,0,0,4
1915_3_17_427811.txt,1915-03-17,0,0,2
1915_3_20_427814.txt,1915-03-20,0,0,5
1915_3_23_427818.txt,1915-03-23,0,0,1
1915_3_24_427819.txt,1915-03-24,0,0,2
1915_3_26_427821.txt,1915-03-26,0,0,4
1915_3_29_427825.txt,1915-03-29,0,0,0
1915_3_31_427827.txt,1915-03-31,0,0,2
1915_4_1_427828.txt,1915-04-01,0,0,3
1915_4_6_427832.txt,1915-04-06,0,0,1
1915_4_8_427834.txt,1915-04-08,0,0,3
1915_4_9_427835.txt,1915-04-09,0,0,4
1915_4_10_427836.txt,1915-04-10,0,0,5
1915_4_12_427839.txt,1915-04-12,0,0,0
1915_4_14_427841.txt,1915-04-14,0,0,2
1915_4_15_427842.txt,1915-04-15,0,0,3
1915_4_16_427843.txt,1915-04-16,0,0,4
1915_4_19_427847.txt,1915-04-19,0,0,0
1915_4_21_427849.txt,1915-04-21,0,0,2
1915_4_22_427850.txt,1915-04-22,0,0,3
1915_4_24_427852.txt,1915-04-24,0,0,5
1915_4_26_427855.txt,1915-04-26,0,0,0
1915_4_27_427856.txt,1915-04-27,0,0,1
1915_4_28_427857.txt,1915-04-28,0,0,2
1915_4_29_427858.txt,1915-04-29,0,0,3
1915_4_30_427859.txt,1915-04-30,0,0,4
1915_5_1_427860.txt,1915-05-01,0,0,5
1915_5_3_427863.txt,1915-05-03,0,0,0
1915_5_6_427866.txt,1915-05-06,0,0,3
1915_5_8_427868.txt,1915-05-08,0,0,5
1915_5_10_427871.txt,1915-05-10,0,0,0
1915_5_11_427872.txt,1915-05-11,0,0,1
1915_5_12_427873.txt,1915-05-12,0,0,2
1915_5_13_427874.txt,1915-05-13,0,0,3
1915_5_14_427875.txt,1915-05-14,0,0,4
1915_5_15_427876.txt,1915-05-15,0,0,5
1915_5_21_427970.txt,1915-05-21,0,0,4
1915_5_27_427976.txt,1915-05-27,0,0,3
1915_5_28_427977.txt,1915-05-28,0,0,4
1915_5_29_427978.txt,1915-05-29,0,0,5
1915_5_31_427981.txt,1915-05-31,0,0,0
1915_6_1_427982.txt,1915-06-01,0,0,1
1915_6_4_427985.txt,1915-06-04,0,0,4
1915_6_5_427986.txt,1915-06-05,0,0,5
1915_6_7_427989.txt,1915-06-07,0,0,0
1915_6_9_427991.txt,1915-06-09,0,0,2
1915_6_11_427993.txt,1915-06-11,0,0,4
1915_6_12_427994.txt,1915-06-12,0,0,5
1915_6_16_427999.txt,1915-06-16,0,0,2
1915_6_17_428000.txt,1915-06-17,0,0,3
1915_6_18_428001.txt,1915-06-18,0,0,4
1915_6_19_428002.txt,1915-06-19,0,0,5
1915_6_21_428005.txt,1915-06-21,0,0,0
1915_6_22_428006.txt,1915-06-22,0,0,1
1915_6_24_428008.txt,1915-06-24,0,0,3
1915_6_25_428009.txt,1915-06-25,0,0,4
1915_6_28_428013.txt,1915-06-28,0,0,0
1915_6_30_428015.txt,1915-06-30,0,0,2
1915_7_1_428016.txt,1915-07-01,0,0,3
1915_7_3_428018.txt,1915-07-03,0,0,5
1915_7_6_428022.txt,1915-07-06,0,0,1
1915_7_7_428023.txt,1915-07-07,0,0,2
1915_7_8_428024.txt,1915-07-08,0,0,3
1915_7_9_428025.txt,1915-07-09,0,0,4
1915_7_10_428026.txt,1915-07-10,0,0,5
1915_7_13_428030.txt,1915-07-13,0,0,1
1915_7_14_428031.txt,1915-07-14,0,0,2
1915_7_15_428032.txt,1915-07-15,0,0,3
1915_7_16_428033.txt,1915-07-16,0,0,4
1915_7_17_428034.txt,1915-07-17,0,0,5
1915_7_19_428037.txt,1915-07-19,0,0,0
1915_7_20_428038.txt,1915-07-20,0,0,1
1915_7_22_428040.txt,1915-07-22,0,0,3
1915_7_23_428041.txt,1915-07-23,0,0,4
1915_7_24_428042.txt,1915-07-24,0,0,5
1915_7_27_428046.txt,1915-07-27,0,0,1
1915_7_28_428047.txt,1915-07-28,0,0,2
1915_7_29_428048.txt,1915-07-29,0,0,3
1915_7_30_428050.txt,1915-07-30,0,0,4
1915_7_31_428051.txt,1915-07-31,0,0,5
1915_8_2_428054.txt,1915-08-02,0,0,0
1915_8_5_428057.txt,1915-08-05,0,0,3
1915_8_6_428058.txt,1915-08-06,0,0,4
1915_8_7_428059.txt,1915-08-07,0,0,5
1915_8_10_428063.txt,1915-08-10,0,0,1
1915_8_14_428067.txt,1915-08-14,0,0,5
1915_8_17_428071.txt,1915-08-17,0,0,1
1915_8_18_428072.txt,1915-08-18,0,0,2
1915_8_19_428073.txt,1915-08-19,0,0,3
1915_8_20_428074.txt,1915-08-20,0,0,4
1915_8_21_428075.txt,1915-08-21,0,0,5
1915_8_23_428078.txt,1915-08-23,0,0,0
1915_8_26_428081.txt,1915-08-26,0,0,3
1915_8_31_428087.txt,1915-08-31,0,0,1
1915_9_1_428112.txt,1915-09-01,0,0,2
1915_9_2_428113.txt,1915-09-02,0,0,3
1915_9_3_428114.txt,1915-09-03,0,0,4
1915_9_4_428115.txt,1915-09-04,0,0,5
1915_9_6_428118.txt,1915-09-06,0,0,0
1915_9_7_428119.txt,1915-09-07,0,0,1
1915_9_8_428120.txt,1915-09-08,0,0,2
1915_9_10_428122.txt,1915-09-10,0,0,4
1915_9_11_428123.txt,1915-09-11,0,0,5
1915_9_14_428127.txt,1915-09-14,0,0,1
1915_9_15_428128.txt,1915-09-15,0,0,2
1915_9_16_428129.txt,1915-09-16,0,0,3
1915_9_18_428131.txt,1915-09-18,0,0,5
1915_9_20_428134.txt,1915-09-20,0,0,0
1915_9_21_428135.txt,1915-09-21,0,0,1
1915_9_22_428136.txt,1915-09-22,0,0,2
1915_9_23_428137.txt,1915-09-23,0,0,3
1915_9_24_428138.txt,1915-09-24,0,0,4
1915_9_28_428143.txt,1915-09-28,0,0,1
1915_9_29_428144.txt,1915-09-29,0,0,2
1915_9_30_428145.txt,1915-09-30,0,0,3
1915_10_5_428151.txt,1915-10-05,0,0,1
1915_10_6_428152.txt,1915-10-06,0,0,2
1915_10_7_428153.txt,1915-10-07,0,0,3
1915_10_8_428154.txt,1915-10-08,0,0,4
1915_10_9_428155.txt,1915-10-09,0,0,5
1915_10_11_428158.txt,1915-10-11,0,0,0
1915_10_12_428159.txt,1915-10-12,0,0,1
1915_10_14_428161.txt,1915-10-14,0,0,3
1915_10_16_428163.txt,1915-10-16,0,0,5
1915_10_18_428166.txt,1915-10-18,0,0,0
1915_10_19_428167.txt,1915-10-19,0,0,1
1915_10_20_428168.txt,1915-10-20,0,0,2
1915_10_23_428171.txt,1915-10-23,0,0,5
1915_10_25_428174.txt,1915-10-25,0,0,0
1915_10_29_428178.txt,1915-10-29,0,0,4
1915_10_30_428179.txt,1915-10-30,0,0,5
1915_11_2_428182.txt,1915-11-02,0,0,1
1915_11_3_428183.txt,1915-11-03,0,0,2
1915_11_4_428184.txt,1915-11-04,0,0,3
1915_11_5_428185.txt,1915-11-05,0,0,4
1915_11_9_428190.txt,1915-11-09,0,0,1
1915_11_11_428192.txt,1915-11-11,0,0,3
1915_11_12_428193.txt,1915-11-12,0,0,4
1915_11_17_428199.txt,1915-11-17,0,0,2
1915_11_22_428205.txt,1915-11-22,0,0,0
1915_11_24_428207.txt,1915-11-24,0,0,2
1915_11_30_428214.txt,1915-11-30,0,0,1
1915_12_3_428217.txt,1915-12-03,0,0,4
1915_12_7_428222.txt,1915-12-07,0,0,1
1915_12_8_428223.txt,1915-12-08,0,0,2
1915_12_13_428242.txt,1915-12-13,0,0,0
1915_12_18_428247.txt,1915-12-18,0,0,5
1915_12_21_428251.txt,1915-12-21,0,0,1
1915_12_22_428252.txt,1915-12-22,0,0,2
1915_12_24_428254.txt,1915-12-24,0,0,4
1915_12_25_428255.txt,1915-12-25,0,0,5
1915_12_28_428257.txt,1915-12-28,0,0,1
1915_12_29_428258.txt,1915-12-29,0,0,2
1915_12_30_428259.txt,1915-12-30,0,0,3
1916_1_1_428261.txt,1916-01-01,0,0,5
1916_1_4_428264.txt,1916-01-04,0,0,1
1916_1_7_428267.txt,1916-01-07,0,0,4
1916_1_8_428268.txt,1916-01-08,0,0,5
1916_1_10_428271.txt,1916-01-10,0,0,0
1916_1_13_428274.txt,1916-01-13,0,0,3
1916_1_14_428275.txt,1916-01-14,0,0,4
1916_1_15_428276.txt,1916-01-15,0,0,5
1916_1_18_428280.txt,1916-01-18,0,0,1
1916_1_19_428281.txt,1916-01-19,0,0,2
1916_1_20_428282.txt,1916-01-20,0,0,3
1916_1_24_428287.txt,1916-01-24,0,0,0
1916_1_25_428288.txt,1916-01-25,0,0,1
1916_1_27_428290.txt,1916-01-27,0,0,3
1916_1_29_428292.txt,1916-01-29,0,0,5
1916_2_2_428297.txt,1916-02-02,0,0,2
1916_2_7_428303.txt,1916-02-07,0,0,0
1916_2_8_428304.txt,1916-02-08,0,0,1
1916_2_9_428305.txt,1916-02-09,0,0,2
1916_2_14_428311.txt,1916-02-14,0,0,0
1916_2_15_428312.txt,1916-02-15,0,0,1
1916_2_16_428313.txt,1916-02-16,0,0,2
1916_2_18_428315.txt,1916-02-18,0,0,4
1916_2_19_428316.txt,1916-02-19,0,0,5
1916_2_21_428319.txt,1916-02-21,0,0,0
1916_2_23_428321.txt,1916-02-23,0,0,2
1916_2_24_428322.txt,1916-02-24,0,0,3
1916_2_25_428323.txt,1916-02-25,0,0,4
1916_2_26_428324.txt,1916-02-26,0,0,5
1916_2_28_428327.txt,1916-02-28,0,0,0
1916_2_29_428328.txt,1916-02-29,0,0,1
1916_3_2_428330.txt,1916-03-02,0,0,3
1916_3_6_428335.txt,1916-03-06,0,0,0
1916_3_7_428336.txt,1916-03-07,0,0,1
1916_3_8_428337.txt,1916-03-08,0,0,2
1916_3_9_428338.txt,1916-03-09,0,0,3
1916_3_11_428340.txt,1916-03-11,0,0,5
1916_3_14_428344.txt,1916-03-14,0,0,1
1916_3_16_428346.txt,1916-03-16,0,0,3
1916_3_17_428347.txt,1916-03-17,0,0,4
1916_3_20_428351.txt,1916-03-20,0,0,0
1916_3_21_428376.txt,1916-03-21,0,0,1
1916_3_22_428377.txt,1916-03-22,0,0,2
1916_3_23_428378.txt,1916-03-23,0,0,3
1916_3_24_428379.txt,1916-03-24,0,0,4
1916_3_27_428383.txt,1916-03-27,0,0,0
1916_3_30_428386.txt,1916-03-30,0,0,3
1916_3_31_428387.txt,1916-03-31,0,0,4
1916_4_1_428388.txt,1916-04-01,0,0,5
1916_4_3_428391.txt,1916-04-03,0,0,0
1916_4_10_428399.txt,1916-04-10,0,0,0
1916_4_13_428402.txt,1916-04-13,0,0,3
1916_4_15_428404.txt,1916-04-15,0,0,5
1916_4_17_428407.txt,1916-04-17,0,0,0
1916_4_18_428408.txt,1916-04-18,0,0,1
1916_4_19_428409.txt,1916-04-19,0,0,2
1916_4_20_428410.txt,1916-04-20,0,0,3
1916_4_21_428411.txt,1916-04-21,0,0,4
1916_4_25_428415.txt,1916-04-25,0,0,1
1916_4_26_428416.txt,1916-04-26,0,0,2
1916_4_27_428417.txt,1916-04-27,0,0,3
1916_4_29_428419.txt,1916-04-29,0,0,5
1916_5_2_428423.txt,1916-05-02,0,0,1
1916_5_5_428426.txt,1916-05-05,0,0,4
1916_5_6_428427.txt,1916-05-06,0,0,5
1916_5_8_428430.txt,1916-05-08,0,0,0
1916_5_10_428432.txt,1916-05-10,0,0,2
1916_5_11_428433.txt,1916-05-11,0,0,3
1916_5_12_428434.txt,1916-05-12,0,0,4
1916_5_16_428439.txt,1916-05-16,0,0,1
1916_5_18_428441.txt,1916-05-18,0,0,3
1916_5_20_428443.txt,1916-05-20,0,0,5
1916_5_22_428446.txt,1916-05-22,0,0,0
1916_5_23_428447.txt,1916-05-23,0,0,1
1916_5_24_428448.txt,1916-05-24,0,0,2
1916_5_27_428451.txt,1916-05-27,0,0,5
1916_6_3_428459.txt,1916-06-03,0,0,5
1916_6_6_428463.txt,1916-06-06,0,0,1
1916_6_7_428464.txt,1916-06-07,0,0,2
1916_6_9_428466.txt,1916-06-09,0,0,4
1916_6_14_428471.txt,1916-06-14,0,0,2
1916_6_16_428473.txt,1916-06-16,0,0,4
1916_6_17_428474.txt,1916-06-17,0,0,5
1916_6_19_428477.txt,1916-06-19,0,0,0
1916_6_20_428478.txt,1916-06-20,0,0,1
1916_6_21_428479.txt,1916-06-21,0,0,2
1916_6_22_428480.txt,1916-06-22,0,0,3
1916_6_24_428482.txt,1916-06-24,0,0,5
1916_6_26_428485.txt,1916-06-26,0,0,0
1916_6_28_428487.txt,1916-06-28,0,0,2
1916_6_29_428488.txt,1916-06-29,0,0,3
1916_6_30_428489.txt,1916-06-30,0,0,4
1916_7_4_428495.txt,1916-07-04,0,0,1
1916_7_5_428496.txt,1916-07-05,0,0,2
1916_7_8_428499.txt,1916-07-08,0,0,5
1916_7_10_428502.txt,1916-07-10,0,0,0
1916_7_11_428503.txt,1916-07-11,0,0,1
1916_7_12_428504.txt,1916-07-12,0,0,2
1916_7_13_428505.txt,1916-07-13,0,0,3
1916_7_14_428506.txt,1916-07-14,0,0,4
1916_7_15_428507.txt,1916-07-15,0,0,5
1916_7_18_428511.txt,1916-07-18,0,0,1
1916_7_19_428512.txt,1916-07-19,0,0,2
1916_7_20_428513.txt,1916-07-20,0,0,3
1916_7_21_428514.txt,1916-07-21,0,0,4
1916_7_22_428515.txt,1916-07-22,0,0,5
1916_7_25_428519.txt,1916-07-25,0,0,1
1916_7_26_428520.txt,1916-07-26,0,0,2
1916_7_27_428521.txt,1916-07-27,0,0,3
1916_7_29_428523.txt,1916-07-29,0,0,5
1916_8_3_428529.txt,1916-08-03,0,0,3
1916_8_5_428531.txt,1916-08-05,0,0,5
1916_8_8_428535.txt,1916-08-08,0,0,1
1916_8_9_428536.txt,1916-08-09,0,0,2
1916_8_10_428537.txt,1916-08-10,0,0,3
1916_8_11_428538.txt,1916-08-11,0,0,4
1916_8_12_428539.txt,1916-08-12,0,0,5
1916_8_17_428545.txt,1916-08-17,0,0,3
1916_8_18_428546.txt,1916-08-18,0,0,4
1916_8_22_428551.txt,1916-08-22,0,0,1
1916_8_23_428552.txt,1916-08-23,0,0,2
1916_8_25_428554.txt,1916-08-25,0,0,4
1916_8_26_428555.txt,1916-08-26,0,0,5
1916_8_29_428559.txt,1916-08-29,0,0,1
1916_8_30_428560.txt,1916-08-30,0,0,2
1916_9_1_428562.txt,1916-09-01,0,0,4
1916_9_2_428563.txt,1916-09-02,0,0,5
1916_9_7_428569.txt,1916-09-07,0,0,3
1916_9_9_428571.txt,1916-09-09,0,0,5
1916_9_11_428574.txt,1916-09-11,0,0,0
1916_9_12_428575.txt,1916-09-12,0,0,1
1916_9_14_428577.txt,1916-09-14,0,0,3
1916_9_15_428578.txt,1916-09-15,0,0,4
1916_9_16_428579.txt,1916-09-16,0,0,5
1916_9_18_428582.txt,1916-09-18,0,0,0
1916_9_23_428587.txt,1916-09-23,0,0,5
1916_9_26_428591.txt,1916-09-26,0,0,1
1916_9_27_428592.txt,1916-09-27,0,0,2
1916_9_28_428593.txt,1916-09-28,0,0,3
1916_10_2_428598.txt,1916-10-02,0,0,0
1916_10_3_428599.txt,1916-10-03,0,0,1
1916_10_4_428600.txt,1916-10-04,0,0,2
1916_10_5_428601.txt,1916-10-05,0,0,3
1916_10_7_428603.txt,1916-10-07,0,0,5
1916_10_9_428606.txt,1916-10-09,0,0,0
1916_10_10_428607.txt,1916-10-10,0,0,1
1916_10_12_428609.txt,1916-10-12,0,0,3
1916_10_13_428610.txt,1916-10-13,0,0,4
1916_10_14_428611.txt,1916-10-14,0,0,5
1916_10_16_428614.txt,1916-10-16,0,0,0
1916_10_19_428618.txt,1916-10-19,0,0,3
1916_10_20_428619.txt,1916-10-20,0,0,4
1916_10_21_428620.txt,1916-10-21,0,0,5
1916_10_23_428623.txt,1916-10-23,0,0,0
1916_10_24_428624.txt,1916-10-24,0,0,1
1916_10_25_428625.txt,1916-10-25,0,0,2
1916_10_26_428626.txt,1916-10-26,0,0,3
1916_10_27_428627.txt,1916-10-27,0,0,4
1916_10_28_428628.txt,1916-10-28,0,0,5
1916_10_30_428631.txt,1916-10-30,0,0,0
1916_11_1_428633.txt,1916-11-01,0,0,2
1916_11_2_428634.txt,1916-11-02,0,0,3
1916_11_6_428639.txt,1916-11-06,0,0,0
1916_11_7_428640.txt,1916-11-07,0,0,1
1916_11_8_428641.txt,1916-11-08,0,0,2
1916_11_9_428642.txt,1916-11-09,0,0,3
1916_11_10_428643.txt,1916-11-10,0,0,4
1916_11_13_428647.txt,1916-11-13,0,0,0
1916_11_14_428648.txt,1916-11-14,0,0,1
1916_11_15_428649.txt,1916-11-15,0,0,2
1916_11_16_428650.txt,1916-11-16,0,0,3
1916_11_20_428655.txt,1916-11-20,0,0,0
1916_11_21_428656.txt,1916-11-21,0,0,1
1916_11_22_428657.txt,1916-11-22,0,0,2
1916_11_24_428659.txt,1916-11-24,0,0,4
1916_11_27_428663.txt,1916-11-27,0,0,0
1916_11_28_428664.txt,1916-11-28,0,0,1
1916_11_29_428665.txt,1916-11-29,0,0,2
1916_11_30_428666.txt,1916-11-30,0,0,3
1916_12_1_428667.txt,1916-12-01,0,0,4
1916_12_4_428671.txt,1916-12-04,0,0,0
1916_12_5_428672.txt,1916-12-05,0,0,1
1916_12_6_428673.txt,1916-12-06,0,0,2
1916_12_7_428674.txt,1916-12-07,0,0,3
1916_12_8_428675.txt,1916-12-08,0,0,4
1916_12_9_428676.txt,1916-12-09,0,0,5
1916_12_11_428679.txt,1916-12-11,0,0,0
1916_12_12_428680.txt,1916-12-12,0,0,1
1916_12_13_428681.txt,1916-12-13,0,0,2
1916_12_14_428682.txt,1916-12-14,0,0,3
1916_12_20_428689.txt,1916-12-20,0,0,2
1916_12_22_428691.txt,1916-12-22,0,0,4
1916_12_23_428692.txt,1916-12-23,0,0,5
1916_12_25_428695.txt,1916-12-25,0,0,0
1916_12_27_428696.txt,1916-12-27,0,0,2
1916_12_28_428697.txt,1916-12-28,0,0,3
1916_12_29_428698.txt,1916-12-29,0,0,4
1916_12_30_428699.txt,1916-12-30,0,0,5
1917_1_2_428703.txt,1917-01-02,0,0,1
1917_1_3_428704.txt,1917-01-03,0,0,2
1917_1_8_428710.txt,1917-01-08,0,0,0
1917_1_13_428715.txt,1917-01-13,0,0,5
1917_1_19_428722.txt,1917-01-19,0,0,4
1917_1_20_428723.txt,1917-01-20,0,0,5
1917_1_22_428726.txt,1917-01-22,0,0,0
1917_1_29_428734.txt,1917-01-29,0,0,0
1917_1_31_440593.txt,1917-01-31,0,0,2
1917_2_1_440594.txt,1917-02-01,0,0,3
1917_2_3_440596.txt,1917-02-03,0,0,5
1917_2_6_440600.txt,1917-02-06,0,0,1
1917_2_9_440603.txt,1917-02-09,0,0,4
1917_2_14_440609.txt,1917-02-14,0,0,2
1917_2_16_440611.txt,1917-02-16,0,0,4
1917_2_17_440612.txt,1917-02-17,0,0,5
1917_2_20_440616.txt,1917-02-20,0,0,1
1917_2_22_440618.txt,1917-02-22,0,0,3
1917_2_23_440619.txt,1917-02-23,0,0,4
1917_2_24_440620.txt,1917-02-24,0,0,5
1917_2_27_440624.txt,1917-02-27,0,0,1
1917_2_28_440625.txt,1917-02-28,0,0,2
1917_3_2_440627.txt,1917-03-02,0,0,4
1917_3_6_440632.txt,1917-03-06,0,0,1
1917_3_9_440635.txt,1917-03-09,0,0,4
1917_3_10_440636.txt,1917-03-10,0,0,5
1917_3_12_440639.txt,1917-03-12,0,0,0
1917_3_14_440641.txt,1917-03-14,0,0,2
1917_3_17_440644.txt,1917-03-17,0,0,5
1917_3_19_440647.txt,1917-03-19,0,0,0
1917_3_21_440649.txt,1917-03-21,0,0,2
1917_3_23_440651.txt,1917-03-23,0,0,4
1917_3_24_440652.txt,1917-03-24,0,0,5
1917_3_28_440657.txt,1917-03-28,0,0,2
1917_3_30_440659.txt,1917-03-30,0,0,4
1917_3_31_440660.txt,1917-03-31,0,0,5
1917_4_2_440663.txt,1917-04-02,0,0,0
1917_4_3_440664.txt,1917-04-03,0,0,1
1917_4_4_440665.txt,1917-04-04,0,0,2
1917_4_5_440666.txt,1917-04-05,0,0,3
1917_4_7_440668.txt,1917-04-07,0,0,5
1917_4_16_440678.txt,1917-04-16,0,0,0
1917_4_20_440682.txt,1917-04-20,0,0,4
1917_4_23_440686.txt,1917-04-23,0,0,0
1917_4_25_440688.txt,1917-04-25,0,0,2
1917_4_26_440689.txt,1917-04-26,0,0,3
1917_4_27_440690.txt,1917-04-27,0,0,4
1917_4_28_440691.txt,1917-04-28,0,0,5
1917_4_30_440694.txt,1917-04-30,0,0,0
1917_5_1_440695.txt,1917-05-01,0,0,1
1917_5_2_440696.txt,1917-05-02,0,0,2
1917_5_4_440698.txt,1917-05-04,0,0,4
1917_5_7_440702.txt,1917-05-07,0,0,0
1917_5_8_440703.txt,1917-05-08,0,0,1
1917_5_9_440704.txt,1917-05-09,0,0,2
1917_5_10_440705.txt,1917-05-10,0,0,3
1917_5_11_440706.txt,1917-05-11,0,0,4
1917_5_12_440708.txt,1917-05-12,0,0,5
1917_5_15_440712.txt,1917-05-15,0,0,1
1917_5_16_440713.txt,1917-05-16,0,0,2
1917_5_18_440715.txt,1917-05-18,0,0,4
1917_5_19_440716.txt,1917-05-19,0,0,5
1917_5_21_440719.txt,1917-05-21,0,0,0
1917_5_23_440721.txt,1917-05-23,0,0,2
1917_5_24_440722.txt,1917-05-24,0,0,3
1917_5_25_440723.txt,1917-05-25,0,0,4
1917_5_26_440724.txt,1917-05-26,0,0,5
1917_5_29_440727.txt,1917-05-29,0,0,1
1917_5_30_440728.txt,1917-05-30,0,0,2
1917_6_1_440730.txt,1917-06-01,0,0,4
1917_6_2_440731.txt,1917-06-02,0,0,5
1917_6_4_440734.txt,1917-06-04,0,0,0
1917_6_5_440735.txt,1917-06-05,0,0,1
1917_6_7_440737.txt,1917-06-07,0,0,3
1917_6_8_440738.txt,1917-06-08,0,0,4
1917_6_9_440739.txt,1917-06-09,0,0,5
1917_6_11_440742.txt,1917-06-11,0,0,0
1917_6_12_440743.txt,1917-06-12,0,0,1
1917_6_13_440744.txt,1917-06-13,0,0,2
1917_6_14_440745.txt,1917-06-14,0,0,3
1917_6_16_440747.txt,1917-06-16,0,0,5
1917_6_18_440750.txt,1917-06-18,0,0,0
1917_6_19_440751.txt,1917-06-19,0,0,1
1917_6_21_440753.txt,1917-06-21,0,0,3
1917_6_22_440754.txt,1917-06-22,0,0,4
1917_6_25_440758.txt,1917-06-25,0,0,0
1917_6_26_440759.txt,1917-06-26,0,0,1
1917_6_28_440761.txt,1917-06-28,0,0,3
1917_6_29_440762.txt,1917-06-29,0,0,4
1917_6_30_440763.txt,1917-06-30,0,0,5
1917_7_3_440767.txt,1917-07-03,0,0,1
1917_7_4_440768.txt,1917-07-04,0,0,2
1917_7_5_440769.txt,1917-07-05,0,0,3
1917_7_6_440770.txt,1917-07-06,0,0,4
1917_7_7_440771.txt,1917-07-07,0,0,5
1917_7_9_440774.txt,1917-07-09,0,0,0
1917_7_12_440777.txt,1917-07-12,0,0,3
1917_7_13_440778.txt,1917-07-13,0,0,4
1917_7_14_440779.txt,1917-07-14,0,0,5
1917_7_16_440782.txt,1917-07-16,0,0,0
1917_7_17_440783.txt,1917-07-17,0,0,1
1917_7_19_440785.txt,1917-07-19,0,0,3
1917_7_20_440786.txt,1917-07-20,0,0,4
1917_7_21_440787.txt,1917-07-21,0,0,5
1917_7_23_440790.txt,1917-07-23,0,0,0
1917_7_24_440791.txt,1917-07-24,0,0,1
1917_7_25_440792.txt,1917-07-25,0,0,2
1917_7_26_440793.txt,1917-07-26,0,0,3
1917_7_28_440795.txt,1917-07-28,0,0,5
1917_7_30_440798.txt,1917-07-30,0,0,0
1917_7_31_440799.txt,1917-07-31,0,0,1
1917_8_1_440800.txt,1917-08-01,0,0,2
1917_8_2_440801.txt,1917-08-02,0,0,3
1917_8_3_440802.txt,1917-08-03,0,0,4
1917_8_4_440803.txt,1917-08-04,0,0,5
1917_8_7_440807.txt,1917-08-07,0,0,1
1917_8_8_440808.txt,1917-08-08,0,0,2
1917_8_9_440809.txt,1917-08-09,0,0,3
1917_8_13_440814.txt,1917-08-13,0,0,0
1917_8_14_440815.txt,1917-08-14,0,0,1
1917_8_15_440816.txt,1917-08-15,0,0,2
1917_8_16_440817.txt,1917-08-16,0,0,3
1917_8_17_440818.txt,1917-08-17,0,0,4
1917_8_18_440819.txt,1917-08-18,0,0,5
1917_8_20_440822.txt,1917-08-20,0,0,0
1917_8_21_440823.txt,1917-08-21,0,0,1
1917_8_22_440824.txt,1917-08-22,0,0,2
1917_8_23_440825.txt,1917-08-23,0,0,3
1917_8_24_440826.txt,1917-08-24,0,0,4
1917_8_28_440831.txt,1917-08-28,0,0,1
1917_8_29_440832.txt,1917-08-29,0,0,2
1917_8_31_440834.txt,1917-08-31,0,0,4
1917_9_3_440838.txt,1917-09-03,0,0,0
1917_9_5_440840.txt,1917-09-05,0,0,2
1917_9_6_440841.txt,1917-09-06,0,0,3
1917_9_7_440842.txt,1917-09-07,0,0,4
1917_9_8_440843.txt,1917-09-08,0,0,5
1917_9_10_440847.txt,1917-09-10,0,0,0
1917_9_12_440849.txt,1917-09-12,0,0,2
1917_9_14_440852.txt,1917-09-14,0,0,4
1917_9_15_440853.txt,1917-09-15,0,0,5
1917_9_17_440855.txt,1917-09-17,0,0,0
1917_9_18_440856.txt,1917-09-18,0,0,1
1917_9_19_440857.txt,1917-09-19,0,0,2
1917_9_20_440858.txt,1917-09-20,0,0,3
1917_9_24_440863.txt,1917-09-24,0,0,0
1917_9_25_440864.txt,1917-09-25,0,0,1
1917_9_26_440865.txt,1917-09-26,0,0,2
1917_9_28_440868.txt,1917-09-28,0,0,4
1917_9_29_440869.txt,1917-09-29,0,0,5
1917_10_1_440871.txt,1917-10-01,0,0,0
1917_10_2_440872.txt,1917-10-02,0,0,1
1917_10_4_440874.txt,1917-10-04,0,0,3
1917_10_5_440876.txt,1917-10-05,0,0,4
1917_10_6_440877.txt,1917-10-06,0,0,5
1917_10_8_440879.txt,1917-10-08,0,0,0
1917_10_9_440880.txt,1917-10-09,0,0,1
1917_10_10_440881.txt,1917-10-10,0,0,2
1917_10_11_440882.txt,1917-10-11,0,0,3
1917_10_12_440884.txt,1917-10-12,0,0,4
1917_10_13_440885.txt,1917-10-13,0,0,5
1917_10_16_440888.txt,1917-10-16,0,0,1
1917_10_17_440889.txt,1917-10-17,0,0,2
1917_10_19_440892.txt,1917-10-19,0,0,4
1917_10_22_440895.txt,1917-10-22,0,0,0
1917_10_23_440896.txt,1917-10-23,0,0,1
1917_10_24_440897.txt,1917-10-24,0,0,2
1917_10_25_440898.txt,1917-10-25,0,0,3
1917_10_27_440901.txt,1917-10-27,0,0,5
1917_10_31_440905.txt,1917-10-31,0,0,2
1917_11_1_440906.txt,1917-11-01,0,0,3
1917_11_2_440908.txt,1917-11-02,0,0,4
1917_11_3_440909.txt,1917-11-03,0,0,5
1917_11_5_440911.txt,1917-11-05,0,0,0
1917_11_6_440912.txt,1917-11-06,0,0,1
1917_11_8_440914.txt,1917-11-08,0,0,3
1917_11_9_440916.txt,1917-11-09,0,0,4
1917_11_13_440920.txt,1917-11-13,0,0,1
1917_11_14_440921.txt,1917-11-14,0,0,2
1917_11_15_440922.txt,1917-11-15,0,0,3
1917_11_17_440925.txt,1917-11-17,0,0,5
1917_11_21_440929.txt,1917-11-21,0,0,2
1917_11_26_440934.txt,1917-11-26,0,0,0
1917_11_27_440935.txt,1917-11-27,0,0,1
1917_11_28_440937.txt,1917-11-28,0,0,2
1917_11_29_440938.txt,1917-11-29,0,0,3
1917_11_30_440939.txt,1917-11-30,0,0,4
1917_12_1_440940.txt,1917-12-01,0,0,5
1917_12_4_440944.txt,1917-12-04,0,0,1
1917_12_5_440945.txt,1917-12-05,0,0,2
1917_12_6_440946.txt,1917-12-06,0,0,3
1917_12_7_440947.txt,1917-12-07,0,0,4
1917_12_10_440950.txt,1917-12-10,0,0,0
1917_12_11_440951.txt,1917-12-11,0,0,1
1917_12_12_440953.txt,1917-12-12,0,0,2
1917_12_13_440954.txt,1917-12-13,0,0,3
1917_12_14_440955.txt,1917-12-14,0,0,4
1917_12_15_440956.txt,1917-12-15,0,0,5
1917_12_17_440958.txt,1917-12-17,0,0,0
1917_12_18_440960.txt,1917-12-18,0,0,1
1917_12_20_440962.txt,1917-12-20,0,0,3
1917_12_21_440963.txt,1917-12-21,0,0,4
1917_12_22_440964.txt,1917-12-22,0,0,5
1917_12_24_440967.txt,1917-12-24,0,0,0
1917_12_27_440969.txt,1917-12-27,0,0,3
1917_12_28_440970.txt,1917-12-28,0,0,4
1917_12_29_440972.txt,1917-12-29,0,0,5
1918_1_1_440975.txt,1918-01-01,0,0,1
1918_1_2_440976.txt,1918-01-02,0,0,2
1918_1_3_440977.txt,1918-01-03,0,0,3
1918_1_5_440980.txt,1918-01-05,0,0,5
1918_1_7_440982.txt,1918-01-07,0,0,0
1918_1_8_440983.txt,1918-01-08,0,0,1
1918_1_9_440984.txt,1918-01-09,0,0,2
1918_1_10_440985.txt,1918-01-10,0,0,3
1918_1_11_440987.txt,1918-01-11,0,0,4
1918_1_12_440991.txt,1918-01-12,0,0,5
1918_1_14_440993.txt,1918-01-14,0,0,0
1918_1_16_440995.txt,1918-01-16,0,0,2
1918_1_17_440996.txt,1918-01-17,0,0,3
1918_1_18_440998.txt,1918-01-18,0,0,4
1918_1_19_440999.txt,1918-01-19,0,0,5
1918_1_21_441001.txt,1918-01-21,0,0,0
1918_1_22_441002.txt,1918-01-22,0,0,1
1918_1_24_441004.txt,1918-01-24,0,0,3
1918_1_25_441006.txt,1918-01-25,0,0,4
1918_1_26_441007.txt,1918-01-26,0,0,5
1918_1_30_441011.txt,1918-01-30,0,0,2
1918_2_1_441013.txt,1918-02-01,0,0,4
1918_2_5_441018.txt,1918-02-05,0,0,1
1918_2_7_441020.txt,1918-02-07,0,0,3
1918_2_8_441022.txt,1918-02-08,0,0,4
1918_2_11_441025.txt,1918-02-11,0,0,0
1918_2_12_441026.txt,1918-02-12,0,0,1
1918_2_14_441028.txt,1918-02-14,0,0,3
1918_2_15_441030.txt,1918-02-15,0,0,4
1918_2_16_441031.txt,1918-02-16,0,0,5
1918_2_19_441034.txt,1918-02-19,0,0,1
1918_2_20_441035.txt,1918-02-20,0,0,2
1918_2_22_441038.txt,1918-02-22,0,0,4
1918_2_23_441039.txt,1918-02-23,0,0,5
1918_2_27_441043.txt,1918-02-27,0,0,2
1918_3_4_441049.txt,1918-03-04,0,0,0
1918_3_5_441050.txt,1918-03-05,0,0,1
1918_3_7_441052.txt,1918-03-07,0,0,3
1918_3_8_441054.txt,1918-03-08,0,0,4
1918_3_9_441055.txt,1918-03-09,0,0,5
1918_3_11_441057.txt,1918-03-11,0,0,0
1918_3_12_441058.txt,1918-03-12,0,0,1
1918_3_13_441059.txt,1918-03-13,0,0,2
1918_3_14_441060.txt,1918-03-14,0,0,3
1918_3_15_441061.txt,1918-03-15,0,0,4
1918_3_16_441063.txt,1918-03-16,0,0,5
1918_3_18_441065.txt,1918-03-18,0,0,0
1918_3_20_441067.txt,1918-03-20,0,0,2
1918_3_21_441068.txt,1918-03-21,0,0,3
1918_3_22_441070.txt,1918-03-22,0,0,4
1918_3_25_441073.txt,1918-03-25,0,0,0
1918_3_27_441075.txt,1918-03-27,0,0,2
1918_3_28_441076.txt,1918-03-28,0,0,3
1918_3_29_441077.txt,1918-03-29,0,0,4
1918_4_5_441085.txt,1918-04-05,0,0,4
1918_4_6_441086.txt,1918-04-06,0,0,5
1918_4_8_441088.txt,1918-04-08,0,0,0
1918_4_9_441089.txt,1918-04-09,0,0,1
1918_4_10_441090.txt,1918-04-10,0,0,2
1918_4_11_441091.txt,1918-04-11,0,0,3
1918_4_13_441094.txt,1918-04-13,0,0,5
1918_4_16_441097.txt,1918-04-16,0,0,1
1918_4_17_441098.txt,1918-04-17,0,0,2
1918_4_19_441101.txt,1918-04-19,0,0,4
1918_4_22_441104.txt,1918-04-22,0,0,0
1918_4_27_441110.txt,1918-04-27,0,0,5
1918_4_29_441112.txt,1918-04-29,0,0,0
1918_5_1_441114.txt,1918-05-01,0,0,2
1918_5_3_441117.txt,1918-05-03,0,0,4
1918_5_6_441120.txt,1918-05-06,0,0,0
1918_5_7_441121.txt,1918-05-07,0,0,1
1918_5_8_441122.txt,1918-05-08,0,0,2
1918_5_9_441123.txt,1918-05-09,0,0,3
1918_5_10_441125.txt,1918-05-10,0,0,4
1918_5_11_441126.txt,1918-05-11,0,0,5
1918_5_16_441131.txt,1918-05-16,0,0,3
1918_5_17_441133.txt,1918-05-17,0,0,4
1918_5_21_441138.txt,1918-05-21,0,0,1
1918_5_22_441139.txt,1918-05-22,0,0,2
1918_5_23_441140.txt,1918-05-23,0,0,3
1918_5_24_441142.txt,1918-05-24,0,0,4
1918_5_28_441146.txt,1918-05-28,0,0,1
1918_5_29_441147.txt,1918-05-29,0,0,2
1918_5_30_441148.txt,1918-05-30,0,0,3
1918_5_31_441150.txt,1918-05-31,0,0,4
1918_6_3_441153.txt,1918-06-03,0,0,0
1918_6_5_441155.txt,1918-06-05,0,0,2
1918_6_7_441158.txt,1918-06-07,0,0,4
1918_6_10_441161.txt,1918-06-10,0,0,0
1918_6_11_441162.txt,1918-06-11,0,0,1
1918_6_12_441163.txt,1918-06-12,0,0,2
1918_6_14_441166.txt,1918-06-14,0,0,4
1918_6_18_441170.txt,1918-06-18,0,0,1
1918_6_20_441172.txt,1918-06-20,0,0,3
1918_6_21_441174.txt,1918-06-21,0,0,4
1918_6_22_441175.txt,1918-06-22,0,0,5
1918_6_24_441177.txt,1918-06-24,0,0,0
1918_6_25_441178.txt,1918-06-25,0,0,1
1918_6_26_441179.txt,1918-06-26,0,0,2
1918_6_28_441182.txt,1918-06-28,0,0,4
1918_6_29_441183.txt,1918-06-29,0,0,5
1918_7_1_441185.txt,1918-07-01,0,0,0
1918_7_2_441186.txt,1918-07-02,0,0,1
1918_7_4_441188.txt,1918-07-04,0,0,3
1918_7_5_441190.txt,1918-07-05,0,0,4
1918_7_6_441191.txt,1918-07-06,0,0,5
1918_7_9_441194.txt,1918-07-09,0,0,1
1918_7_10_441195.txt,1918-07-10,0,0,2
1918_7_11_441196.txt,1918-07-11,0,0,3
1918_7_12_441198.txt,1918-07-12,0,0,4
1918_7_13_441199.txt,1918-07-13,0,0,5
1918_7_15_441201.txt,1918-07-15,0,0,0
1918_7_16_441202.txt,1918-07-16,0,0,1
1918_7_17_441203.txt,1918-07-17,0,0,2
1918_7_19_441206.txt,1918-07-19,0,0,4
1918_7_20_441207.txt,1918-07-20,0,0,5
1918_7_22_441209.txt,1918-07-22,0,0,0
1918_7_23_441210.txt,1918-07-23,0,0,1
1918_7_24_441211.txt,1918-07-24,0,0,2
1918_7_25_441212.txt,1918-07-25,0,0,3
1918_7_26_441214.txt,1918-07-26,0,0,4
1918_7_29_441217.txt,1918-07-29,0,0,0
1918_7_30_441218.txt,1918-07-30,0,0,1
1918_8_2_441222.txt,1918-08-02,0,0,4
1918_8_5_441225.txt,1918-08-05,0,0,0
1918_8_8_441228.txt,1918-08-08,0,0,3
1918_8_9_441230.txt,1918-08-09,0,0,4
1918_8_10_441231.txt,1918-08-10,0,0,5
1918_8_13_441234.txt,1918-08-13,0,0,1
1918_8_14_441235.txt,1918-08-14,0,0,2
1918_8_15_441236.txt,1918-08-15,0,0,3
1918_8_16_441237.txt,1918-08-16,0,0,4
1918_8_19_441241.txt,1918-08-19,0,0,0
1918_8_20_441242.txt,1918-08-20,0,0,1
1918_8_21_441243.txt,1918-08-21,0,0,2
1918_8_22_441244.txt,1918-08-22,0,0,3
1918_8_24_441247.txt,1918-08-24,0,0,5
1918_8_26_441249.txt,1918-08-26,0,0,0
1918_8_31_441254.txt,1918-08-31,0,0,5
1918_9_1_441255.txt,1918-09-01,0,0,6
1918_9_3_441257.txt,1918-09-03,0,0,1
1918_9_5_441259.txt,1918-09-05,0,0,3
1918_9_7_441261.txt,1918-09-07,0,0,5
1918_9_10_441264.txt,1918-09-10,0,0,1
1918_9_11_441265.txt,1918-09-11,0,0,2
1918_9_14_441268.txt,1918-09-14,0,0,5
1918_9_17_441271.txt,1918-09-17,0,0,1
1918_9_19_441273.txt,1918-09-19,0,0,3
1918_9_20_441274.txt,1918-09-20,0,0,4
1918_9_21_441275.txt,1918-09-21,0,0,5
1918_9_25_441279.txt,1918-09-25,0,0,2
1918_9_27_441283.txt,1918-09-27,0,0,4
1918_9_29_441285.txt,1918-09-29,0,0,6
1918_9_30_441286.txt,1918-09-30,0,0,0
1918_10_1_441287.txt,1918-10-01,0,0,1
1918_10_5_441291.txt,1918-10-05,0,0,5
1918_10_6_441292.txt,1918-10-06,0,0,6
1918_10_8_441294.txt,1918-10-08,0,0,1
1918_10_9_441295.txt,1918-10-09,0,0,2
1918_10_10_441296.txt,1918-10-10,0,0,3
1918_10_11_441297.txt,1918-10-11,0,0,4
1918_10_12_441298.txt,1918-10-12,0,0,5
1918_10_14_441300.txt,1918-10-14,0,0,0
1918_10_15_441301.txt,1918-10-15,0,0,1
1918_10_16_441302.txt,1918-10-16,0,0,2
1918_10_17_441303.txt,1918-10-17,0,0,3
1918_10_19_441305.txt,1918-10-19,0,0,5
1918_10_21_441307.txt,1918-10-21,0,0,0
1918_10_22_441308.txt,1918-10-22,0,0,1
1918_10_24_441310.txt,1918-10-24,0,0,3
1918_10_25_441311.txt,1918-10-25,0,0,4
1918_10_26_441312.txt,1918-10-26,0,0,5
1918_10_28_441314.txt,1918-10-28,0,0,0
1918_10_29_441315.txt,1918-10-29,0,0,1
1918_10_31_441317.txt,1918-10-31,0,0,3
1918_11_2_441319.txt,1918-11-02,0,0,5
1918_11_3_441320.txt,1918-11-03,0,0,6
1918_11_4_441321.txt,1918-11-04,0,0,0
1918_11_6_441323.txt,1918-11-06,0,0,2
1918_11_7_441324.txt,1918-11-07,0,0,3
1918_11_9_441326.txt,1918-11-09,0,0,5
1918_11_10_441327.txt,1918-11-10,0,0,6
1918_11_11_441328.txt,1918-11-11,0,0,0
1918_11_12_441329.txt,1918-11-12,0,0,1
1918_11_13_441330.txt,1918-11-13,0,0,2
1918_11_16_441333.txt,1918-11-16,0,0,5
1918_11_18_441335.txt,1918-11-18,0,0,0
1918_11_19_441336.txt,1918-11-19,0,0,1
1918_11_20_441337.txt,1918-11-20,0,0,2
1918_11_21_441338.txt,1918-11-21,0,0,3
1918_11_22_441339.txt,1918-11-22,0,0,4
1918_11_23_441340.txt,1918-11-23,0,0,5
1918_11_25_441342.txt,1918-11-25,0,0,0
1918_11_26_441343.txt,1918-11-26,0,0,1
1918_11_27_441344.txt,1918-11-27,0,0,2
1918_11_28_441345.txt,1918-11-28,0,0,3
1918_11_29_441346.txt,1918-11-29,0,0,4
1918_11_30_441347.txt,1918-11-30,0,0,5
1918_12_1_441348.txt,1918-12-01,0,0,6
1918_12_2_441349.txt,1918-12-02,0,0,0
1918_12_4_441351.txt,1918-12-04,0,0,2
1918_12_5_441352.txt,1918-12-05,0,0,3
1918_12_6_441353.txt,1918-12-06,0,0,4
1918_12_7_441354.txt,1918-12-07,0,0,5
1918_12_9_441356.txt,1918-12-09,0,0,0
1918_12_10_441357.txt,1918-12-10,0,0,1
1918_12_14_441360.txt,1918-12-14,0,0,5
1918_12_15_441361.txt,1918-12-15,0,0,6
1918_12_16_441362.txt,1918-12-16,0,0,0
1918_12_17_441363.txt,1918-12-17,0,0,1
1918_12_18_441364.txt,1918-12-18,0,0,2
1918_12_21_441367.txt,1918-12-21,0,0,5
1918_12_22_441368.txt,1918-12-22,0,0,6
1918_12_23_441369.txt,1918-12-23,0,0,0
1918_12_24_441370.txt,1918-12-24,0,0,1
1918_12_27_441371.txt,1918-12-27,0,0,4
1918_12_28_441372.txt,1918-12-28,0,0,5
1918_12_29_441373.txt,1918-12-29,0,0,6
1918_12_30_441374.txt,1918-12-30,0,0,0
1918_12_31_441375.txt,1918-12-31,0,0,1
